Instance,Terminal,Layer,X location,Y location,Voltage
FILLER_31_208,VDD,Metal1,123.4800,137.2000,3.299977
FILLER_31_206,VDD,Metal1,122.6400,137.2000,3.299977
FILLER_31_202,VDD,Metal1,120.4000,137.2000,3.299977
FILLER_31_193,VDD,Metal1,115.0800,137.2000,3.299977
FILLER_31_191,VDD,Metal1,114.2400,137.2000,3.299977
FILLER_31_184,VDD,Metal1,110.0400,137.2000,3.299977
FILLER_31_180,VDD,Metal1,109.0200,137.6325,3.299977
FILLER_31_161,VDD,Metal1,97.1600,137.2000,3.299977
FILLER_31_157,VDD,Metal1,96.1400,137.6325,3.299977
FILLER_31_148,VDD,Metal1,89.8800,137.2000,3.299978
FILLER_31_146,VDD,Metal1,89.0400,137.2000,3.299978
FILLER_31_138,VDD,Metal1,86.7465,137.7765,3.299978
FILLER_31_132,VDD,Metal1,82.1400,137.6325,3.299978
FILLER_31_124,VDD,Metal1,78.9065,137.7765,3.299978
FILLER_31_70,VDD,Metal1,46.4800,137.2000,3.299979
FILLER_31_67,VDD,Metal1,44.5200,137.2000,3.299979
FILLER_31_63,VDD,Metal1,43.5000,137.6325,3.299979
FILLER_31_47,VDD,Metal1,38.1280,137.8920,3.299979
FILLER_31_40,VDD,Metal1,29.4000,137.2000,3.299980
FILLER_31_36,VDD,Metal1,28.3800,137.6325,3.299980
FILLER_31_2,VDD,Metal1,17.4755,137.9685,3.299980
FILLER_30_173,VDD,Metal1,104.1600,137.2000,3.299977
FILLER_30_153,VDD,Metal1,93.9000,136.7675,3.299977
FILLER_30_115,VDD,Metal1,72.6200,136.7675,3.299978
FILLER_30_61,VDD,Metal1,42.3800,136.7675,3.299979
FILLER_30_53,VDD,Metal1,39.1465,136.6230,3.299979
FILLER_30_37,VDD,Metal1,32.5280,136.5080,3.299980
FILLER_30_34,VDD,Metal1,26.0400,137.2000,3.299980
FILLER_30_2,VDD,Metal1,17.4755,136.4310,3.299980
FILLER_29_224,VDD,Metal1,132.4400,129.3600,3.299946
FILLER_29_220,VDD,Metal1,131.4200,129.7925,3.299946
FILLER_29_58,VDD,Metal1,40.7000,129.7925,3.299948
FILLER_29_50,VDD,Metal1,37.4665,129.9365,3.299948
FILLER_29_34,VDD,Metal1,30.8480,130.0520,3.299948
FILLER_29_2,VDD,Metal1,17.4755,130.1285,3.299949
FILLER_28_224,VDD,Metal1,132.4400,129.3600,3.299946
FILLER_28_181,VDD,Metal1,108.3600,129.3600,3.299946
FILLER_28_177,VDD,Metal1,107.3400,128.9275,3.299946
FILLER_28_174,VDD,Metal1,104.4400,129.3600,3.299946
FILLER_28_172,VDD,Metal1,103.6000,129.3600,3.299946
FILLER_28_129,VDD,Metal1,79.2400,129.3600,3.299946
FILLER_28_127,VDD,Metal1,78.4000,129.3600,3.299946
FILLER_28_123,VDD,Metal1,77.1000,128.9275,3.299946
FILLER_28_101,VDD,Metal1,64.7800,128.9275,3.299947
FILLER_28_65,VDD,Metal1,43.6800,129.3600,3.299948
FILLER_28_61,VDD,Metal1,42.3800,128.9275,3.299948
FILLER_28_53,VDD,Metal1,39.1465,128.7830,3.299948
FILLER_28_37,VDD,Metal1,32.5280,128.6680,3.299948
FILLER_28_34,VDD,Metal1,26.0400,129.3600,3.299949
FILLER_28_2,VDD,Metal1,17.4755,128.5910,3.299949
FILLER_27_216,VDD,Metal1,127.9600,121.5200,3.299891
FILLER_27_212,VDD,Metal1,126.9400,121.9525,3.299891
FILLER_27_158,VDD,Metal1,95.7600,121.5200,3.299891
FILLER_27_142,VDD,Metal1,88.9865,122.0965,3.299891
FILLER_27_139,VDD,Metal1,84.8400,121.5200,3.299891
FILLER_27_127,VDD,Metal1,79.3400,121.9525,3.299891
FILLER_27_106,VDD,Metal1,66.3600,121.5200,3.299892
FILLER_27_66,VDD,Metal1,45.1800,121.9525,3.299894
FILLER_27_2,VDD,Metal1,26.4750,122.3340,3.299894
FILLER_26_224,VDD,Metal1,132.4400,121.5200,3.299891
FILLER_26_222,VDD,Metal1,131.6000,121.5200,3.299891
FILLER_26_179,VDD,Metal1,107.2400,121.5200,3.299891
FILLER_26_177,VDD,Metal1,106.4000,121.5200,3.299891
FILLER_26_77,VDD,Metal1,51.3400,121.0875,3.299893
FILLER_26_69,VDD,Metal1,48.1065,120.9430,3.299893
FILLER_26_37,VDD,Metal1,37.0755,120.7510,3.299894
FILLER_26_34,VDD,Metal1,26.0400,121.5200,3.299894
FILLER_26_2,VDD,Metal1,17.4755,120.7510,3.299894
FILLER_25_224,VDD,Metal1,132.4400,113.6800,3.299962
FILLER_25_220,VDD,Metal1,131.4200,114.1125,3.299962
FILLER_25_212,VDD,Metal1,128.1865,114.2565,3.299962
FILLER_25_209,VDD,Metal1,124.0400,113.6800,3.299962
FILLER_25_184,VDD,Metal1,111.2600,114.1125,3.299962
FILLER_25_176,VDD,Metal1,108.0265,114.2565,3.299962
FILLER_25_136,VDD,Metal1,84.3800,114.1125,3.299963
FILLER_25_128,VDD,Metal1,81.1465,114.2565,3.299963
FILLER_25_119,VDD,Metal1,73.6400,113.6800,3.299963
FILLER_25_115,VDD,Metal1,72.6200,114.1125,3.299963
FILLER_25_80,VDD,Metal1,51.8000,113.6800,3.299964
FILLER_25_72,VDD,Metal1,49.7865,114.2565,3.299964
FILLER_25_66,VDD,Metal1,45.1800,114.1125,3.299964
FILLER_25_2,VDD,Metal1,26.4750,114.4940,3.299964
FILLER_24_224,VDD,Metal1,132.4400,113.6800,3.299962
FILLER_24_222,VDD,Metal1,131.6000,113.6800,3.299962
FILLER_24_187,VDD,Metal1,111.7200,113.6800,3.299962
FILLER_24_177,VDD,Metal1,106.4000,113.6800,3.299962
FILLER_24_140,VDD,Metal1,85.4000,113.6800,3.299963
FILLER_24_124,VDD,Metal1,81.2480,112.9880,3.299963
FILLER_24_107,VDD,Metal1,66.9200,113.6800,3.299964
FILLER_24_69,VDD,Metal1,45.9200,113.6800,3.299964
FILLER_24_37,VDD,Metal1,37.0755,112.9110,3.299964
FILLER_24_34,VDD,Metal1,26.0400,113.6800,3.299964
FILLER_24_2,VDD,Metal1,17.4755,112.9110,3.299964
FILLER_23_158,VDD,Metal1,95.7600,105.8400,3.299903
FILLER_23_150,VDD,Metal1,91.2800,105.8400,3.299903
FILLER_23_142,VDD,Metal1,88.9865,106.4165,3.299903
FILLER_23_139,VDD,Metal1,84.8400,105.8400,3.299905
FILLER_23_88,VDD,Metal1,56.2800,105.8400,3.299905
FILLER_23_72,VDD,Metal1,52.1280,106.5320,3.299905
FILLER_23_66,VDD,Metal1,45.1800,106.2725,3.299906
FILLER_23_2,VDD,Metal1,26.4750,106.6540,3.299907
FILLER_22_224,VDD,Metal1,132.4400,105.8400,3.299903
FILLER_22_181,VDD,Metal1,108.3600,105.8400,3.299903
FILLER_22_177,VDD,Metal1,107.3400,105.4075,3.299903
FILLER_22_139,VDD,Metal1,85.1200,105.8400,3.299905
FILLER_22_107,VDD,Metal1,76.2755,105.0710,3.299905
FILLER_22_104,VDD,Metal1,65.2400,105.8400,3.299905
FILLER_22_102,VDD,Metal1,64.4000,105.8400,3.299905
FILLER_22_98,VDD,Metal1,63.1000,105.4075,3.299905
FILLER_22_89,VDD,Metal1,56.8400,105.8400,3.299905
FILLER_22_85,VDD,Metal1,55.8200,105.4075,3.299905
FILLER_22_69,VDD,Metal1,50.4480,105.1480,3.299905
FILLER_22_37,VDD,Metal1,37.0755,105.0710,3.299907
FILLER_22_34,VDD,Metal1,26.0400,105.8400,3.299907
FILLER_22_2,VDD,Metal1,17.4755,105.0710,3.299907
FILLER_21_216,VDD,Metal1,127.9600,98.0000,3.299981
FILLER_21_212,VDD,Metal1,126.9400,98.4325,3.299981
FILLER_21_209,VDD,Metal1,124.0400,98.0000,3.299981
FILLER_21_202,VDD,Metal1,120.4000,98.0000,3.299981
FILLER_21_198,VDD,Metal1,119.1000,98.4325,3.299981
FILLER_21_174,VDD,Metal1,109.2480,98.6920,3.299981
FILLER_21_155,VDD,Metal1,93.8000,98.0000,3.299981
FILLER_21_142,VDD,Metal1,86.5200,98.0000,3.299981
FILLER_21_132,VDD,Metal1,83.3865,98.5765,3.299981
FILLER_21_96,VDD,Metal1,61.0400,98.0000,3.299982
FILLER_21_88,VDD,Metal1,58.7465,98.5765,3.299982
FILLER_21_72,VDD,Metal1,52.1280,98.6920,3.299982
FILLER_21_66,VDD,Metal1,45.1800,98.4325,3.299982
FILLER_21_2,VDD,Metal1,26.4750,98.8140,3.299982
FILLER_20_189,VDD,Metal1,113.1200,98.0000,3.299981
FILLER_20_185,VDD,Metal1,111.8200,97.5675,3.299981
FILLER_20_177,VDD,Metal1,108.5865,97.4230,3.299981
FILLER_20_174,VDD,Metal1,104.4400,98.0000,3.299981
FILLER_20_107,VDD,Metal1,69.3865,97.4230,3.299981
FILLER_20_101,VDD,Metal1,64.7800,97.5675,3.299981
FILLER_20_37,VDD,Metal1,46.0750,97.1855,3.299982
FILLER_20_34,VDD,Metal1,26.0400,98.0000,3.299982
FILLER_20_2,VDD,Metal1,17.4755,97.2310,3.299982
FILLER_19_224,VDD,Metal1,132.4400,90.1600,3.299994
FILLER_19_220,VDD,Metal1,131.4200,90.5925,3.299994
FILLER_19_212,VDD,Metal1,128.1865,90.7365,3.299994
FILLER_19_209,VDD,Metal1,124.0400,90.1600,3.299994
FILLER_19_202,VDD,Metal1,120.4000,90.1600,3.299994
FILLER_19_198,VDD,Metal1,119.1000,90.5925,3.299994
FILLER_19_189,VDD,Metal1,112.8400,90.1600,3.299994
FILLER_19_187,VDD,Metal1,112.0000,90.1600,3.299994
FILLER_19_183,VDD,Metal1,110.7000,90.5925,3.299994
FILLER_19_175,VDD,Metal1,107.4665,90.7365,3.299994
FILLER_19_142,VDD,Metal1,86.5200,90.1600,3.299994
FILLER_19_139,VDD,Metal1,84.8400,90.1600,3.299994
FILLER_19_135,VDD,Metal1,83.8200,90.5925,3.299994
FILLER_19_122,VDD,Metal1,75.3200,90.1600,3.299994
FILLER_19_120,VDD,Metal1,74.4800,90.1600,3.299994
FILLER_19_104,VDD,Metal1,70.0480,90.8520,3.299994
FILLER_19_72,VDD,Metal1,56.6755,90.9285,3.299994
FILLER_19_66,VDD,Metal1,45.1800,90.5925,3.299994
FILLER_19_2,VDD,Metal1,26.4750,90.9740,3.299994
FILLER_18_216,VDD,Metal1,127.9600,90.1600,3.299994
FILLER_18_214,VDD,Metal1,127.1200,90.1600,3.299994
FILLER_18_182,VDD,Metal1,118.2755,89.3910,3.299994
FILLER_18_162,VDD,Metal1,97.7200,90.1600,3.299994
FILLER_18_115,VDD,Metal1,71.4000,90.1600,3.299994
FILLER_18_107,VDD,Metal1,69.3865,89.5830,3.299994
FILLER_18_101,VDD,Metal1,64.7800,89.7275,3.299994
FILLER_18_37,VDD,Metal1,46.0750,89.3455,3.299994
FILLER_18_34,VDD,Metal1,26.0400,90.1600,3.299994
FILLER_18_2,VDD,Metal1,17.4755,89.3910,3.299994
FILLER_17_224,VDD,Metal1,132.4400,82.3200,3.299905
FILLER_17_220,VDD,Metal1,131.4200,82.7525,3.299905
FILLER_17_212,VDD,Metal1,128.1865,82.8965,3.299905
FILLER_17_209,VDD,Metal1,124.0400,82.3200,3.299905
FILLER_17_202,VDD,Metal1,120.4000,82.3200,3.299905
FILLER_17_190,VDD,Metal1,114.6200,82.7525,3.299905
FILLER_17_151,VDD,Metal1,91.8400,82.3200,3.299906
FILLER_17_120,VDD,Metal1,75.4200,82.7525,3.299907
FILLER_17_104,VDD,Metal1,70.0480,83.0120,3.299907
FILLER_17_72,VDD,Metal1,56.6755,83.0885,3.299908
FILLER_17_66,VDD,Metal1,45.1800,82.7525,3.299908
FILLER_17_2,VDD,Metal1,26.4750,83.1340,3.299908
FILLER_16_177,VDD,Metal1,106.4000,82.3200,3.299906
FILLER_16_124,VDD,Metal1,76.4400,82.3200,3.299907
FILLER_16_117,VDD,Metal1,72.5200,82.3200,3.299907
FILLER_16_115,VDD,Metal1,71.6800,82.3200,3.299907
FILLER_16_107,VDD,Metal1,69.3865,81.7430,3.299907
FILLER_16_101,VDD,Metal1,64.7800,81.8875,3.299908
FILLER_16_37,VDD,Metal1,46.0750,81.5055,3.299908
FILLER_16_34,VDD,Metal1,26.0400,82.3200,3.299908
FILLER_16_2,VDD,Metal1,17.4755,81.5510,3.299908
FILLER_15_216,VDD,Metal1,127.9600,74.4800,3.299935
FILLER_15_212,VDD,Metal1,126.9400,74.9125,3.299935
FILLER_15_209,VDD,Metal1,124.0400,74.4800,3.299935
FILLER_15_203,VDD,Metal1,120.6800,74.4800,3.299935
FILLER_15_201,VDD,Metal1,119.8400,74.4800,3.299935
FILLER_15_165,VDD,Metal1,99.6800,74.4800,3.299935
FILLER_15_139,VDD,Metal1,84.8400,74.4800,3.299935
FILLER_15_96,VDD,Metal1,60.7600,74.4800,3.299935
FILLER_15_88,VDD,Metal1,58.7465,75.0565,3.299935
FILLER_15_72,VDD,Metal1,52.1280,75.1720,3.299935
FILLER_15_66,VDD,Metal1,45.1800,74.9125,3.299935
FILLER_15_2,VDD,Metal1,26.4750,75.2940,3.299935
FILLER_14_223,VDD,Metal1,132.1600,74.4800,3.299935
FILLER_14_219,VDD,Metal1,130.8600,74.0475,3.299935
FILLER_14_211,VDD,Metal1,127.6265,73.9030,3.299935
FILLER_14_174,VDD,Metal1,104.4400,74.4800,3.299935
FILLER_14_122,VDD,Metal1,75.6000,74.4800,3.299935
FILLER_14_114,VDD,Metal1,73.3065,73.9030,3.299935
FILLER_14_107,VDD,Metal1,66.9200,74.4800,3.299935
FILLER_14_101,VDD,Metal1,64.7800,74.0475,3.299935
FILLER_14_37,VDD,Metal1,46.0750,73.6655,3.299935
FILLER_14_34,VDD,Metal1,26.0400,74.4800,3.299935
FILLER_14_2,VDD,Metal1,17.4755,73.7110,3.299935
FILLER_13_224,VDD,Metal1,132.4400,66.6400,3.299981
FILLER_13_220,VDD,Metal1,131.4200,67.0725,3.299981
FILLER_13_209,VDD,Metal1,124.0400,66.6400,3.299981
FILLER_13_207,VDD,Metal1,123.2000,66.6400,3.299981
FILLER_13_139,VDD,Metal1,84.8400,66.6400,3.299983
FILLER_13_112,VDD,Metal1,70.9400,67.0725,3.299983
FILLER_13_104,VDD,Metal1,67.7065,67.2165,3.299983
FILLER_13_72,VDD,Metal1,56.6755,67.4085,3.299983
FILLER_13_66,VDD,Metal1,45.1800,67.0725,3.299983
FILLER_13_2,VDD,Metal1,26.4750,67.4540,3.299983
FILLER_12_177,VDD,Metal1,106.1200,66.6400,3.299981
FILLER_12_148,VDD,Metal1,91.1000,66.2075,3.299983
FILLER_12_113,VDD,Metal1,70.2800,66.6400,3.299983
FILLER_12_111,VDD,Metal1,69.4400,66.6400,3.299983
FILLER_12_107,VDD,Metal1,68.1400,66.2075,3.299983
FILLER_12_101,VDD,Metal1,64.7800,66.2075,3.299983
FILLER_12_37,VDD,Metal1,46.0750,65.8255,3.299983
FILLER_12_34,VDD,Metal1,26.0400,66.6400,3.299983
FILLER_12_2,VDD,Metal1,17.4755,65.8710,3.299983
FILLER_11_216,VDD,Metal1,127.9600,58.8000,3.299952
FILLER_11_212,VDD,Metal1,126.9400,59.2325,3.299952
FILLER_11_142,VDD,Metal1,86.5200,58.8000,3.299953
FILLER_11_134,VDD,Metal1,82.0400,58.8000,3.299953
FILLER_11_120,VDD,Metal1,74.2000,58.8000,3.299954
FILLER_11_104,VDD,Metal1,70.0480,59.4920,3.299954
FILLER_11_72,VDD,Metal1,56.6755,59.5685,3.299954
FILLER_11_66,VDD,Metal1,45.1800,59.2325,3.299954
FILLER_11_2,VDD,Metal1,26.4750,59.6140,3.299954
FILLER_10_224,VDD,Metal1,132.4400,58.8000,3.299952
FILLER_10_217,VDD,Metal1,128.5200,58.8000,3.299952
FILLER_10_215,VDD,Metal1,127.6800,58.8000,3.299952
FILLER_10_179,VDD,Metal1,107.2400,58.8000,3.299952
FILLER_10_177,VDD,Metal1,106.4000,58.8000,3.299952
FILLER_10_145,VDD,Metal1,88.2000,58.8000,3.299953
FILLER_10_141,VDD,Metal1,87.1800,58.3675,3.299953
FILLER_10_125,VDD,Metal1,81.8080,58.1080,3.299953
FILLER_10_107,VDD,Metal1,68.1400,58.3675,3.299954
FILLER_10_101,VDD,Metal1,64.7800,58.3675,3.299954
FILLER_10_37,VDD,Metal1,46.0750,57.9855,3.299954
FILLER_10_34,VDD,Metal1,26.0400,58.8000,3.299954
FILLER_10_2,VDD,Metal1,17.4755,58.0310,3.299954
FILLER_9_224,VDD,Metal1,132.4400,50.9600,3.299971
FILLER_9_220,VDD,Metal1,131.4200,51.3925,3.299971
FILLER_9_212,VDD,Metal1,128.1865,51.5365,3.299971
FILLER_9_209,VDD,Metal1,124.0400,50.9600,3.299971
FILLER_9_207,VDD,Metal1,123.2000,50.9600,3.299971
FILLER_9_146,VDD,Metal1,88.7600,50.9600,3.299971
FILLER_9_142,VDD,Metal1,87.7400,51.3925,3.299971
FILLER_9_139,VDD,Metal1,84.8400,50.9600,3.299971
FILLER_9_134,VDD,Metal1,82.0400,50.9600,3.299971
FILLER_9_132,VDD,Metal1,81.2000,50.9600,3.299971
FILLER_9_84,VDD,Metal1,54.0400,50.9600,3.299976
FILLER_9_80,VDD,Metal1,53.0200,51.3925,3.299976
FILLER_9_72,VDD,Metal1,49.7865,51.5365,3.299976
FILLER_9_66,VDD,Metal1,45.1800,51.3925,3.299976
FILLER_9_2,VDD,Metal1,26.4750,51.7740,3.299976
FILLER_8_154,VDD,Metal1,93.2400,50.9600,3.299971
FILLER_8_150,VDD,Metal1,92.2200,50.5275,3.299971
FILLER_8_142,VDD,Metal1,88.9865,50.3830,3.299971
FILLER_8_95,VDD,Metal1,60.2000,50.9600,3.299976
FILLER_8_93,VDD,Metal1,59.3600,50.9600,3.299976
FILLER_8_85,VDD,Metal1,57.0665,50.3830,3.299976
FILLER_8_69,VDD,Metal1,50.4480,50.2680,3.299976
FILLER_8_37,VDD,Metal1,37.0755,50.1910,3.299976
FILLER_8_34,VDD,Metal1,26.0400,50.9600,3.299976
FILLER_8_2,VDD,Metal1,17.4755,50.1910,3.299976
FILLER_7_150,VDD,Metal1,92.2200,43.5525,3.299899
FILLER_7_142,VDD,Metal1,88.9865,43.6965,3.299899
FILLER_7_139,VDD,Metal1,84.8400,43.1200,3.299899
FILLER_7_88,VDD,Metal1,56.5600,43.1200,3.299903
FILLER_7_72,VDD,Metal1,52.1280,43.8120,3.299904
FILLER_7_66,VDD,Metal1,45.1800,43.5525,3.299905
FILLER_7_2,VDD,Metal1,26.4750,43.9340,3.299905
FILLER_6_177,VDD,Metal1,106.1200,43.1200,3.299898
FILLER_6_170,VDD,Metal1,102.2000,43.1200,3.299898
FILLER_6_107,VDD,Metal1,68.1400,42.6875,3.299899
FILLER_6_93,VDD,Metal1,59.3600,43.1200,3.299899
FILLER_6_85,VDD,Metal1,57.0665,42.5430,3.299903
FILLER_6_69,VDD,Metal1,50.4480,42.4280,3.299904
FILLER_6_37,VDD,Metal1,37.0755,42.3510,3.299905
FILLER_6_34,VDD,Metal1,26.0400,43.1200,3.299905
FILLER_6_2,VDD,Metal1,17.4755,42.3510,3.299905
FILLER_5_224,VDD,Metal1,132.4400,35.2800,3.299976
FILLER_5_220,VDD,Metal1,131.4200,35.7125,3.299976
FILLER_5_209,VDD,Metal1,124.0400,35.2800,3.299976
FILLER_5_192,VDD,Metal1,114.5200,35.2800,3.299976
FILLER_5_190,VDD,Metal1,113.6800,35.2800,3.299976
FILLER_5_129,VDD,Metal1,79.2400,35.2800,3.299976
FILLER_5_125,VDD,Metal1,78.2200,35.7125,3.299976
FILLER_5_90,VDD,Metal1,57.4000,35.2800,3.299976
FILLER_5_88,VDD,Metal1,56.5600,35.2800,3.299976
FILLER_5_72,VDD,Metal1,52.1280,35.9720,3.299976
FILLER_5_66,VDD,Metal1,45.1800,35.7125,3.299976
FILLER_5_2,VDD,Metal1,26.4750,36.0940,3.299976
FILLER_4_179,VDD,Metal1,107.2400,35.2800,3.299976
FILLER_4_177,VDD,Metal1,106.4000,35.2800,3.299976
FILLER_4_166,VDD,Metal1,99.9600,35.2800,3.299976
FILLER_4_164,VDD,Metal1,99.1200,35.2800,3.299976
FILLER_4_129,VDD,Metal1,79.2400,35.2800,3.299976
FILLER_4_127,VDD,Metal1,78.4000,35.2800,3.299976
FILLER_4_119,VDD,Metal1,73.6400,35.2800,3.299976
FILLER_4_37,VDD,Metal1,46.0750,34.4655,3.299976
FILLER_4_34,VDD,Metal1,26.0400,35.2800,3.299976
FILLER_4_2,VDD,Metal1,17.4755,34.5110,3.299976
FILLER_3_216,VDD,Metal1,127.9600,27.4400,3.299980
FILLER_3_212,VDD,Metal1,126.9400,27.8725,3.299980
FILLER_3_209,VDD,Metal1,124.0400,27.4400,3.299980
FILLER_3_207,VDD,Metal1,123.2000,27.4400,3.299980
FILLER_3_203,VDD,Metal1,121.9000,27.8725,3.299980
FILLER_3_142,VDD,Metal1,87.7400,27.8725,3.299981
FILLER_3_139,VDD,Metal1,84.8400,27.4400,3.299981
FILLER_3_137,VDD,Metal1,84.0000,27.4400,3.299981
FILLER_3_102,VDD,Metal1,64.1200,27.4400,3.299981
FILLER_3_100,VDD,Metal1,63.2800,27.4400,3.299981
FILLER_3_96,VDD,Metal1,61.9800,27.8725,3.299981
FILLER_3_88,VDD,Metal1,58.7465,28.0165,3.299981
FILLER_3_72,VDD,Metal1,52.1280,28.1320,3.299981
FILLER_3_66,VDD,Metal1,45.1800,27.8725,3.299981
FILLER_3_2,VDD,Metal1,26.4750,28.2540,3.299981
FILLER_2_139,VDD,Metal1,85.1200,27.4400,3.299981
FILLER_2_107,VDD,Metal1,76.2755,26.6710,3.299981
FILLER_2_101,VDD,Metal1,64.7800,27.0075,3.299981
FILLER_2_37,VDD,Metal1,46.0750,26.6255,3.299981
FILLER_2_34,VDD,Metal1,26.0400,27.4400,3.299981
FILLER_2_2,VDD,Metal1,17.4755,26.6710,3.299981
FILLER_1_216,VDD,Metal1,127.9600,19.6000,3.299992
FILLER_1_212,VDD,Metal1,126.9400,20.0325,3.299992
FILLER_1_206,VDD,Metal1,123.5800,20.0325,3.299992
FILLER_1_162,VDD,Metal1,98.0000,19.6000,3.299993
FILLER_1_158,VDD,Metal1,96.7000,20.0325,3.299993
FILLER_1_142,VDD,Metal1,91.3280,20.2920,3.299993
FILLER_1_136,VDD,Metal1,84.3800,20.0325,3.299993
FILLER_1_72,VDD,Metal1,65.6750,20.4140,3.299993
FILLER_1_66,VDD,Metal1,45.1800,20.0325,3.299994
FILLER_1_2,VDD,Metal1,26.4750,20.4140,3.299994
FILLER_0_208,VDD,Metal1,123.4800,19.6000,3.299992
FILLER_0_206,VDD,Metal1,122.6400,19.6000,3.299992
FILLER_0_196,VDD,Metal1,117.0400,19.6000,3.299992
FILLER_0_176,VDD,Metal1,105.5600,19.6000,3.299992
FILLER_0_172,VDD,Metal1,104.5400,19.1675,3.299992
FILLER_0_138,VDD,Metal1,93.6355,18.8310,3.299993
FILLER_0_104,VDD,Metal1,74.5955,18.8310,3.299993
FILLER_0_70,VDD,Metal1,55.5555,18.8310,3.299993
FILLER_0_67,VDD,Metal1,44.5200,19.6000,3.299994
FILLER_0_59,VDD,Metal1,42.5065,19.0230,3.299994
FILLER_0_50,VDD,Metal1,35.0000,19.6000,3.299994
FILLER_0_48,VDD,Metal1,34.1600,19.6000,3.299994
FILLER_0_44,VDD,Metal1,32.8600,19.1675,3.299994
FILLER_0_36,VDD,Metal1,29.6265,19.0230,3.299994
FILLER_0_2,VDD,Metal1,17.4755,18.8310,3.299994
clkload6,VDD,Metal1,101.0830,128.9700,3.299946
clkload5,VDD,Metal1,108.9165,113.2900,3.299962
clkload4,VDD,Metal1,69.1630,121.9100,3.299891
clkload3,VDD,Metal1,59.0830,121.1300,3.299893
clkload2,VDD,Metal1,120.6830,67.0300,3.299981
clkload1,VDD,Metal1,107.7965,50.5700,3.299971
clkload0,VDD,Metal1,82.6030,74.8700,3.299935
clkbuf_3_7__f_clk,VDD,Metal1,110.1710,122.0170,3.299891
clkbuf_3_6__f_clk,VDD,Metal1,110.1710,106.3370,3.299903
clkbuf_3_5__f_clk,VDD,Metal1,80.7885,121.0225,3.299891
clkbuf_3_4__f_clk,VDD,Metal1,70.7085,106.3370,3.299905
clkbuf_3_3__f_clk,VDD,Metal1,110.1710,59.2970,3.299952
clkbuf_3_2__f_clk,VDD,Metal1,110.1710,43.6170,3.299898
clkbuf_3_1__f_clk,VDD,Metal1,90.0110,73.9825,3.299935
clkbuf_3_0__f_clk,VDD,Metal1,83.0285,42.6225,3.299899
clkbuf_0_clk,VDD,Metal1,90.5710,81.8225,3.299906
wire51,VDD,Metal1,72.8100,121.7925,3.299891
wire50,VDD,Metal1,130.2030,128.9700,3.299946
fanout49,VDD,Metal1,60.8500,136.8700,3.299978
load_slew48,VDD,Metal1,76.2600,121.8210,3.299891
load_slew47,VDD,Metal1,62.9965,121.1300,3.299893
load_slew46,VDD,Metal1,69.7230,113.2900,3.299963
fanout45,VDD,Metal1,70.9300,129.0300,3.299946
load_slew44,VDD,Metal1,105.5815,137.6030,3.299977
load_slew43,VDD,Metal1,108.3815,136.7965,3.299977
load_slew42,VDD,Metal1,127.9630,129.7500,3.299946
fanout41,VDD,Metal1,99.3100,136.8700,3.299977
load_slew40,VDD,Metal1,88.1965,67.0300,3.299983
load_slew39,VDD,Metal1,93.2430,67.0300,3.299982
load_slew38,VDD,Metal1,75.8830,51.3500,3.299972
fanout37,VDD,Metal1,80.4500,82.6500,3.299906
load_slew36,VDD,Metal1,119.0215,58.3965,3.299952
wire35,VDD,Metal1,130.4900,58.5275,3.299952
load_slew34,VDD,Metal1,130.1965,19.9900,3.299992
fanout33,VDD,Metal1,112.1900,58.4700,3.299952
wire32,VDD,Metal1,71.1300,137.4725,3.299978
load_slew31,VDD,Metal1,79.2365,59.1900,3.299953
load_slew30,VDD,Metal1,94.5400,43.4210,3.299899
fanout29,VDD,Metal1,59.5500,137.5300,3.299978
load_slew28,VDD,Metal1,66.8980,137.6030,3.299978
fanout27,VDD,Metal1,51.8900,136.8700,3.299979
load_slew26,VDD,Metal1,95.4580,50.5565,3.299971
load_slew25,VDD,Metal1,127.9815,35.6830,3.299976
wire24,VDD,Metal1,119.0900,35.6100,3.299976
load_slew23,VDD,Metal1,117.8580,27.8430,3.299980
wire22,VDD,Metal1,122.6500,58.5275,3.299952
fanout21,VDD,Metal1,104.5300,27.7700,3.299981
output20,VDD,Metal1,130.7815,137.6030,3.299977
output19,VDD,Metal1,130.7815,121.9230,3.299891
output18,VDD,Metal1,130.7815,106.2430,3.299903
output17,VDD,Metal1,130.7815,98.4030,3.299981
output16,VDD,Metal1,130.7815,89.7565,3.299994
output15,VDD,Metal1,130.7815,74.8830,3.299935
output14,VDD,Metal1,130.7815,59.2030,3.299952
output13,VDD,Metal1,130.7815,43.5230,3.299898
output12,VDD,Metal1,130.7815,27.8430,3.299980
output11,VDD,Metal1,130.7815,19.1965,3.299992
output10,VDD,Metal1,37.2180,19.1965,3.299994
output9,VDD,Metal1,92.0980,137.6030,3.299977
output8,VDD,Metal1,126.3015,137.6030,3.299977
output7,VDD,Metal1,126.3015,19.1965,3.299992
output6,VDD,Metal1,107.7780,19.1965,3.299992
input5,VDD,Metal1,48.7300,137.4725,3.299979
input4,VDD,Metal1,31.3700,137.4725,3.299980
input3,VDD,Metal1,74.4700,137.4725,3.299978
input2,VDD,Metal1,111.9900,137.4725,3.299977
input1,VDD,Metal1,131.0300,136.9275,3.299977
TAP_TAPCELL_ROW_31_165,VDD,Metal1,121.5200,137.8700,3.299977
TAP_TAPCELL_ROW_31_164,VDD,Metal1,102.4800,137.8700,3.299977
TAP_TAPCELL_ROW_31_163,VDD,Metal1,83.4400,137.8700,3.299978
TAP_TAPCELL_ROW_31_162,VDD,Metal1,64.4000,137.8700,3.299978
TAP_TAPCELL_ROW_31_161,VDD,Metal1,45.3600,137.8700,3.299979
TAP_TAPCELL_ROW_31_160,VDD,Metal1,26.3200,137.8700,3.299980
TAP_TAPCELL_ROW_30_159,VDD,Metal1,105.2800,136.5300,3.299977
TAP_TAPCELL_ROW_30_158,VDD,Metal1,66.0800,136.5300,3.299978
TAP_TAPCELL_ROW_30_157,VDD,Metal1,26.8800,136.5300,3.299980
TAP_TAPCELL_ROW_29_156,VDD,Metal1,124.8800,130.0300,3.299946
TAP_TAPCELL_ROW_29_155,VDD,Metal1,85.6800,130.0300,3.299946
TAP_TAPCELL_ROW_29_154,VDD,Metal1,46.4800,130.0300,3.299947
TAP_TAPCELL_ROW_28_153,VDD,Metal1,105.2800,128.6900,3.299946
TAP_TAPCELL_ROW_28_152,VDD,Metal1,66.0800,128.6900,3.299947
TAP_TAPCELL_ROW_28_151,VDD,Metal1,26.8800,128.6900,3.299948
TAP_TAPCELL_ROW_27_150,VDD,Metal1,124.8800,122.1900,3.299891
TAP_TAPCELL_ROW_27_149,VDD,Metal1,85.6800,122.1900,3.299891
TAP_TAPCELL_ROW_27_148,VDD,Metal1,46.4800,122.1900,3.299894
TAP_TAPCELL_ROW_26_147,VDD,Metal1,105.2800,120.8500,3.299891
TAP_TAPCELL_ROW_26_146,VDD,Metal1,66.0800,120.8500,3.299892
TAP_TAPCELL_ROW_26_145,VDD,Metal1,26.8800,120.8500,3.299894
TAP_TAPCELL_ROW_25_144,VDD,Metal1,124.8800,114.3500,3.299962
TAP_TAPCELL_ROW_25_143,VDD,Metal1,85.6800,114.3500,3.299963
TAP_TAPCELL_ROW_25_142,VDD,Metal1,46.4800,114.3500,3.299964
TAP_TAPCELL_ROW_24_141,VDD,Metal1,105.2800,113.0100,3.299962
TAP_TAPCELL_ROW_24_140,VDD,Metal1,66.0800,113.0100,3.299964
TAP_TAPCELL_ROW_24_139,VDD,Metal1,26.8800,113.0100,3.299964
TAP_TAPCELL_ROW_23_138,VDD,Metal1,124.8800,106.5100,3.299903
TAP_TAPCELL_ROW_23_137,VDD,Metal1,85.6800,106.5100,3.299904
TAP_TAPCELL_ROW_23_136,VDD,Metal1,46.4800,106.5100,3.299906
TAP_TAPCELL_ROW_22_135,VDD,Metal1,105.2800,105.1700,3.299903
TAP_TAPCELL_ROW_22_134,VDD,Metal1,66.0800,105.1700,3.299905
TAP_TAPCELL_ROW_22_133,VDD,Metal1,26.8800,105.1700,3.299907
TAP_TAPCELL_ROW_21_132,VDD,Metal1,124.8800,98.6700,3.299981
TAP_TAPCELL_ROW_21_131,VDD,Metal1,85.6800,98.6700,3.299981
TAP_TAPCELL_ROW_21_130,VDD,Metal1,46.4800,98.6700,3.299982
TAP_TAPCELL_ROW_20_129,VDD,Metal1,105.2800,97.3300,3.299981
TAP_TAPCELL_ROW_20_128,VDD,Metal1,66.0800,97.3300,3.299981
TAP_TAPCELL_ROW_20_127,VDD,Metal1,26.8800,97.3300,3.299982
TAP_TAPCELL_ROW_19_126,VDD,Metal1,124.8800,90.8300,3.299994
TAP_TAPCELL_ROW_19_125,VDD,Metal1,85.6800,90.8300,3.299994
TAP_TAPCELL_ROW_19_124,VDD,Metal1,46.4800,90.8300,3.299994
TAP_TAPCELL_ROW_18_123,VDD,Metal1,105.2800,89.4900,3.299994
TAP_TAPCELL_ROW_18_122,VDD,Metal1,66.0800,89.4900,3.299994
TAP_TAPCELL_ROW_18_121,VDD,Metal1,26.8800,89.4900,3.299994
TAP_TAPCELL_ROW_17_120,VDD,Metal1,124.8800,82.9900,3.299905
TAP_TAPCELL_ROW_17_119,VDD,Metal1,85.6800,82.9900,3.299906
TAP_TAPCELL_ROW_17_118,VDD,Metal1,46.4800,82.9900,3.299908
TAP_TAPCELL_ROW_16_117,VDD,Metal1,105.2800,81.6500,3.299906
TAP_TAPCELL_ROW_16_116,VDD,Metal1,66.0800,81.6500,3.299907
TAP_TAPCELL_ROW_16_115,VDD,Metal1,26.8800,81.6500,3.299908
TAP_TAPCELL_ROW_15_114,VDD,Metal1,124.8800,75.1500,3.299935
TAP_TAPCELL_ROW_15_113,VDD,Metal1,85.6800,75.1500,3.299935
TAP_TAPCELL_ROW_15_112,VDD,Metal1,46.4800,75.1500,3.299935
TAP_TAPCELL_ROW_14_111,VDD,Metal1,105.2800,73.8100,3.299935
TAP_TAPCELL_ROW_14_110,VDD,Metal1,66.0800,73.8100,3.299935
TAP_TAPCELL_ROW_14_109,VDD,Metal1,26.8800,73.8100,3.299935
TAP_TAPCELL_ROW_13_108,VDD,Metal1,124.8800,67.3100,3.299981
TAP_TAPCELL_ROW_13_107,VDD,Metal1,85.6800,67.3100,3.299983
TAP_TAPCELL_ROW_13_106,VDD,Metal1,46.4800,67.3100,3.299983
TAP_TAPCELL_ROW_12_105,VDD,Metal1,105.2800,65.9700,3.299981
TAP_TAPCELL_ROW_12_104,VDD,Metal1,66.0800,65.9700,3.299983
TAP_TAPCELL_ROW_12_103,VDD,Metal1,26.8800,65.9700,3.299983
TAP_TAPCELL_ROW_11_102,VDD,Metal1,124.8800,59.4700,3.299952
TAP_TAPCELL_ROW_11_101,VDD,Metal1,85.6800,59.4700,3.299953
TAP_TAPCELL_ROW_11_100,VDD,Metal1,46.4800,59.4700,3.299954
TAP_TAPCELL_ROW_10_99,VDD,Metal1,105.2800,58.1300,3.299952
TAP_TAPCELL_ROW_10_98,VDD,Metal1,66.0800,58.1300,3.299954
TAP_TAPCELL_ROW_10_97,VDD,Metal1,26.8800,58.1300,3.299954
TAP_TAPCELL_ROW_9_96,VDD,Metal1,124.8800,51.6300,3.299971
TAP_TAPCELL_ROW_9_95,VDD,Metal1,85.6800,51.6300,3.299971
TAP_TAPCELL_ROW_9_94,VDD,Metal1,46.4800,51.6300,3.299976
TAP_TAPCELL_ROW_8_93,VDD,Metal1,105.2800,50.2900,3.299971
TAP_TAPCELL_ROW_8_92,VDD,Metal1,66.0800,50.2900,3.299976
TAP_TAPCELL_ROW_8_91,VDD,Metal1,26.8800,50.2900,3.299976
TAP_TAPCELL_ROW_7_90,VDD,Metal1,124.8800,43.7900,3.299898
TAP_TAPCELL_ROW_7_89,VDD,Metal1,85.6800,43.7900,3.299899
TAP_TAPCELL_ROW_7_88,VDD,Metal1,46.4800,43.7900,3.299904
TAP_TAPCELL_ROW_6_87,VDD,Metal1,105.2800,42.4500,3.299898
TAP_TAPCELL_ROW_6_86,VDD,Metal1,66.0800,42.4500,3.299899
TAP_TAPCELL_ROW_6_85,VDD,Metal1,26.8800,42.4500,3.299905
TAP_TAPCELL_ROW_5_84,VDD,Metal1,124.8800,35.9500,3.299976
TAP_TAPCELL_ROW_5_83,VDD,Metal1,85.6800,35.9500,3.299976
TAP_TAPCELL_ROW_5_82,VDD,Metal1,46.4800,35.9500,3.299976
TAP_TAPCELL_ROW_4_81,VDD,Metal1,105.2800,34.6100,3.299976
TAP_TAPCELL_ROW_4_80,VDD,Metal1,66.0800,34.6100,3.299976
TAP_TAPCELL_ROW_4_79,VDD,Metal1,26.8800,34.6100,3.299976
TAP_TAPCELL_ROW_3_78,VDD,Metal1,124.8800,28.1100,3.299980
TAP_TAPCELL_ROW_3_77,VDD,Metal1,85.6800,28.1100,3.299981
TAP_TAPCELL_ROW_3_76,VDD,Metal1,46.4800,28.1100,3.299981
TAP_TAPCELL_ROW_2_75,VDD,Metal1,105.2800,26.7700,3.299981
TAP_TAPCELL_ROW_2_74,VDD,Metal1,66.0800,26.7700,3.299981
TAP_TAPCELL_ROW_2_73,VDD,Metal1,26.8800,26.7700,3.299981
TAP_TAPCELL_ROW_1_72,VDD,Metal1,124.8800,20.2700,3.299992
TAP_TAPCELL_ROW_1_71,VDD,Metal1,85.6800,20.2700,3.299993
TAP_TAPCELL_ROW_1_70,VDD,Metal1,46.4800,20.2700,3.299993
TAP_TAPCELL_ROW_0_69,VDD,Metal1,121.5200,18.9300,3.299992
TAP_TAPCELL_ROW_0_68,VDD,Metal1,102.4800,18.9300,3.299993
TAP_TAPCELL_ROW_0_67,VDD,Metal1,83.4400,18.9300,3.299993
TAP_TAPCELL_ROW_0_66,VDD,Metal1,64.4000,18.9300,3.299993
TAP_TAPCELL_ROW_0_65,VDD,Metal1,45.3600,18.9300,3.299994
TAP_TAPCELL_ROW_0_64,VDD,Metal1,26.3200,18.9300,3.299994
PHY_EDGE_ROW_31_Left_63,VDD,Metal1,7.2730,137.8715,3.299980
PHY_EDGE_ROW_30_Left_62,VDD,Metal1,7.2730,136.5280,3.299980
PHY_EDGE_ROW_29_Left_61,VDD,Metal1,7.2730,130.0315,3.299949
PHY_EDGE_ROW_28_Left_60,VDD,Metal1,7.2730,128.6880,3.299949
PHY_EDGE_ROW_27_Left_59,VDD,Metal1,7.2730,122.1915,3.299894
PHY_EDGE_ROW_26_Left_58,VDD,Metal1,7.2730,120.8480,3.299894
PHY_EDGE_ROW_25_Left_57,VDD,Metal1,7.2730,114.3515,3.299964
PHY_EDGE_ROW_24_Left_56,VDD,Metal1,7.2730,113.0080,3.299964
PHY_EDGE_ROW_23_Left_55,VDD,Metal1,7.2730,106.5115,3.299907
PHY_EDGE_ROW_22_Left_54,VDD,Metal1,7.2730,105.1680,3.299907
PHY_EDGE_ROW_21_Left_53,VDD,Metal1,7.2730,98.6715,3.299982
PHY_EDGE_ROW_20_Left_52,VDD,Metal1,7.2730,97.3280,3.299982
PHY_EDGE_ROW_19_Left_51,VDD,Metal1,7.2730,90.8315,3.299994
PHY_EDGE_ROW_18_Left_50,VDD,Metal1,7.2730,89.4880,3.299994
PHY_EDGE_ROW_17_Left_49,VDD,Metal1,7.2730,82.9915,3.299908
PHY_EDGE_ROW_16_Left_48,VDD,Metal1,7.2730,81.6480,3.299908
PHY_EDGE_ROW_15_Left_47,VDD,Metal1,7.2730,75.1515,3.299935
PHY_EDGE_ROW_14_Left_46,VDD,Metal1,7.2730,73.8080,3.299935
PHY_EDGE_ROW_13_Left_45,VDD,Metal1,7.2730,67.3115,3.299983
PHY_EDGE_ROW_12_Left_44,VDD,Metal1,7.2730,65.9680,3.299983
PHY_EDGE_ROW_11_Left_43,VDD,Metal1,7.2730,59.4715,3.299954
PHY_EDGE_ROW_10_Left_42,VDD,Metal1,7.2730,58.1280,3.299954
PHY_EDGE_ROW_9_Left_41,VDD,Metal1,7.2730,51.6315,3.299976
PHY_EDGE_ROW_8_Left_40,VDD,Metal1,7.2730,50.2880,3.299976
PHY_EDGE_ROW_7_Left_39,VDD,Metal1,7.2730,43.7915,3.299905
PHY_EDGE_ROW_6_Left_38,VDD,Metal1,7.2730,42.4480,3.299905
PHY_EDGE_ROW_5_Left_37,VDD,Metal1,7.2730,35.9515,3.299976
PHY_EDGE_ROW_4_Left_36,VDD,Metal1,7.2730,34.6080,3.299976
PHY_EDGE_ROW_3_Left_35,VDD,Metal1,7.2730,28.1115,3.299981
PHY_EDGE_ROW_2_Left_34,VDD,Metal1,7.2730,26.7680,3.299981
PHY_EDGE_ROW_1_Left_33,VDD,Metal1,7.2730,20.2715,3.299994
PHY_EDGE_ROW_0_Left_32,VDD,Metal1,7.2730,18.9280,3.299994
PHY_EDGE_ROW_31_Right_31,VDD,Metal1,133.2865,137.8715,3.299977
PHY_EDGE_ROW_30_Right_30,VDD,Metal1,133.2865,136.5280,3.299977
PHY_EDGE_ROW_29_Right_29,VDD,Metal1,133.2865,130.0315,3.299946
PHY_EDGE_ROW_28_Right_28,VDD,Metal1,133.2865,128.6880,3.299946
PHY_EDGE_ROW_27_Right_27,VDD,Metal1,133.2865,122.1915,3.299891
PHY_EDGE_ROW_26_Right_26,VDD,Metal1,133.2865,120.8480,3.299891
PHY_EDGE_ROW_25_Right_25,VDD,Metal1,133.2865,114.3515,3.299962
PHY_EDGE_ROW_24_Right_24,VDD,Metal1,133.2865,113.0080,3.299962
PHY_EDGE_ROW_23_Right_23,VDD,Metal1,133.2865,106.5115,3.299903
PHY_EDGE_ROW_22_Right_22,VDD,Metal1,133.2865,105.1680,3.299903
PHY_EDGE_ROW_21_Right_21,VDD,Metal1,133.2865,98.6715,3.299981
PHY_EDGE_ROW_20_Right_20,VDD,Metal1,133.2865,97.3280,3.299981
PHY_EDGE_ROW_19_Right_19,VDD,Metal1,133.2865,90.8315,3.299994
PHY_EDGE_ROW_18_Right_18,VDD,Metal1,133.2865,89.4880,3.299994
PHY_EDGE_ROW_17_Right_17,VDD,Metal1,133.2865,82.9915,3.299905
PHY_EDGE_ROW_16_Right_16,VDD,Metal1,133.2865,81.6480,3.299905
PHY_EDGE_ROW_15_Right_15,VDD,Metal1,133.2865,75.1515,3.299935
PHY_EDGE_ROW_14_Right_14,VDD,Metal1,133.2865,73.8080,3.299935
PHY_EDGE_ROW_13_Right_13,VDD,Metal1,133.2865,67.3115,3.299981
PHY_EDGE_ROW_12_Right_12,VDD,Metal1,133.2865,65.9680,3.299981
PHY_EDGE_ROW_11_Right_11,VDD,Metal1,133.2865,59.4715,3.299952
PHY_EDGE_ROW_10_Right_10,VDD,Metal1,133.2865,58.1280,3.299952
PHY_EDGE_ROW_9_Right_9,VDD,Metal1,133.2865,51.6315,3.299971
PHY_EDGE_ROW_8_Right_8,VDD,Metal1,133.2865,50.2880,3.299971
PHY_EDGE_ROW_7_Right_7,VDD,Metal1,133.2865,43.7915,3.299898
PHY_EDGE_ROW_6_Right_6,VDD,Metal1,133.2865,42.4480,3.299898
PHY_EDGE_ROW_5_Right_5,VDD,Metal1,133.2865,35.9515,3.299976
PHY_EDGE_ROW_4_Right_4,VDD,Metal1,133.2865,34.6080,3.299976
PHY_EDGE_ROW_3_Right_3,VDD,Metal1,133.2865,28.1115,3.299980
PHY_EDGE_ROW_2_Right_2,VDD,Metal1,133.2865,26.7680,3.299980
PHY_EDGE_ROW_1_Right_1,VDD,Metal1,133.2865,20.2715,3.299992
PHY_EDGE_ROW_0_Right_0,VDD,Metal1,133.2865,18.9280,3.299992
_256_,VDD,Metal1,89.5965,128.7565,3.299946
_255_,VDD,Metal1,76.1565,129.9630,3.299946
_254_,VDD,Metal1,57.1165,129.9630,3.299947
_253_,VDD,Metal1,54.3165,128.7565,3.299947
_252_,VDD,Metal1,71.6765,98.6030,3.299981
_251_,VDD,Metal1,62.1565,114.2830,3.299964
_250_,VDD,Metal1,56.5565,113.0765,3.299964
_249_,VDD,Metal1,57.1165,122.1230,3.299893
_248_,VDD,Metal1,96.3165,114.2830,3.299962
_247_,VDD,Metal1,95.2030,129.9630,3.299946
_246_,VDD,Metal1,120.3965,136.5965,3.299977
_245_,VDD,Metal1,118.7165,128.7565,3.299946
_244_,VDD,Metal1,115.3565,129.9630,3.299946
_243_,VDD,Metal1,83.4365,136.5965,3.299978
_242_,VDD,Metal1,64.3965,51.5630,3.299976
_241_,VDD,Metal1,67.1965,43.7230,3.299899
_240_,VDD,Metal1,67.7565,35.8830,3.299976
_239_,VDD,Metal1,73.3630,28.0430,3.299981
_238_,VDD,Metal1,95.7565,105.2365,3.299903
_237_,VDD,Metal1,95.7565,113.0765,3.299963
_236_,VDD,Metal1,81.1965,97.3965,3.299981
_235_,VDD,Metal1,81.7565,89.5565,3.299994
_234_,VDD,Metal1,114.8030,73.8765,3.299935
_233_,VDD,Metal1,110.3165,75.0830,3.299935
_232_,VDD,Metal1,102.4765,51.5630,3.299971
_231_,VDD,Metal1,103.0430,35.8830,3.299976
_230_,VDD,Metal1,71.1165,75.0830,3.299935
_229_,VDD,Metal1,80.6365,66.0365,3.299983
_228_,VDD,Metal1,122.0765,120.9165,3.299891
_227_,VDD,Metal1,122.0765,113.0765,3.299962
_226_,VDD,Metal1,123.1965,105.2365,3.299903
_225_,VDD,Metal1,123.7565,97.3965,3.299981
_224_,VDD,Metal1,123.7565,81.7165,3.299905
_223_,VDD,Metal1,123.7565,66.0365,3.299981
_222_,VDD,Metal1,123.7565,50.3565,3.299971
_221_,VDD,Metal1,123.7565,42.5165,3.299898
_220_,VDD,Metal1,89.5965,34.6765,3.299976
_219_,VDD,Metal1,123.7565,26.8365,3.299980
_218_,VDD,Metal1,123.7565,34.6765,3.299976
_217_,VDD,Metal1,94.6430,26.8365,3.299981
_216_,VDD,Metal1,107.5230,20.2030,3.299992
_215_,VDD,Metal1,115.2430,98.4330,3.299981
_214_,VDD,Metal1,122.3700,98.5630,3.299981
_213_,VDD,Metal1,115.2430,90.5930,3.299994
_212_,VDD,Metal1,122.3700,90.7230,3.299994
_211_,VDD,Metal1,117.4830,82.7530,3.299905
_210_,VDD,Metal1,122.3700,82.8830,3.299905
_209_,VDD,Metal1,127.5630,67.0730,3.299981
_208_,VDD,Metal1,122.3500,75.0430,3.299935
_207_,VDD,Metal1,120.2830,51.3930,3.299971
_206_,VDD,Metal1,125.7300,58.2365,3.299952
_205_,VDD,Metal1,111.3230,27.0065,3.299980
_204_,VDD,Metal1,126.8300,43.6830,3.299898
_203_,VDD,Metal1,82.4865,35.7615,3.299976
_202_,VDD,Metal1,110.7730,34.7165,3.299976
_201_,VDD,Metal1,111.9830,19.1365,3.299992
_200_,VDD,Metal1,120.7300,20.0225,3.299992
_199_,VDD,Metal1,118.6200,19.1775,3.299992
_198_,VDD,Metal1,98.1165,27.8730,3.299981
_197_,VDD,Metal1,89.8700,28.0030,3.299981
_196_,VDD,Metal1,112.7265,27.8815,3.299980
_195_,VDD,Metal1,92.8200,27.8225,3.299981
_194_,VDD,Metal1,102.9465,34.8325,3.299976
_193_,VDD,Metal1,99.1900,90.5325,3.299994
_192_,VDD,Metal1,95.1300,66.2675,3.299982
_191_,VDD,Metal1,69.5465,50.3965,3.299976
_190_,VDD,Metal1,64.1100,50.3965,3.299976
_189_,VDD,Metal1,70.8625,58.5050,3.299954
_188_,VDD,Metal1,75.2935,50.5700,3.299972
_187_,VDD,Metal1,80.1965,50.5265,3.299971
_186_,VDD,Metal1,75.3300,58.2365,3.299954
_185_,VDD,Metal1,83.8200,51.3950,3.299971
_184_,VDD,Metal1,83.9830,50.4965,3.299971
_183_,VDD,Metal1,62.8865,42.6380,3.299899
_182_,VDD,Metal1,70.2400,34.9225,3.299976
_181_,VDD,Metal1,78.5165,43.5530,3.299899
_180_,VDD,Metal1,79.2500,51.5230,3.299971
_179_,VDD,Metal1,75.5830,34.8165,3.299976
_178_,VDD,Metal1,96.9800,121.0975,3.299891
_177_,VDD,Metal1,92.8600,106.2625,3.299903
_176_,VDD,Metal1,81.3000,90.5825,3.299994
_175_,VDD,Metal1,90.4000,98.3575,3.299981
_174_,VDD,Metal1,92.9450,90.7000,3.299994
_173_,VDD,Metal1,77.9400,90.5825,3.299994
_172_,VDD,Metal1,93.5050,97.4600,3.299981
_171_,VDD,Metal1,93.8400,89.8025,3.299994
_170_,VDD,Metal1,103.7000,89.7375,3.299994
_169_,VDD,Metal1,114.5600,51.3175,3.299971
_168_,VDD,Metal1,100.3400,89.7375,3.299994
_167_,VDD,Metal1,109.7450,66.1000,3.299981
_166_,VDD,Metal1,110.5600,81.9625,3.299905
_165_,VDD,Metal1,107.2300,89.5965,3.299994
_164_,VDD,Metal1,91.3800,51.3825,3.299971
_163_,VDD,Metal1,93.2000,59.1575,3.299952
_162_,VDD,Metal1,101.3750,66.1000,3.299981
_161_,VDD,Metal1,111.3600,67.0630,3.299981
_160_,VDD,Metal1,88.1900,59.3630,3.299953
_159_,VDD,Metal1,111.3400,50.5375,3.299971
_158_,VDD,Metal1,101.1200,50.6025,3.299971
_157_,VDD,Metal1,101.3750,58.2600,3.299952
_156_,VDD,Metal1,94.9460,58.4100,3.299952
_155_,VDD,Metal1,90.1430,58.3365,3.299953
_154_,VDD,Metal1,69.5400,74.0575,3.299935
_153_,VDD,Metal1,75.1400,81.8975,3.299907
_152_,VDD,Metal1,75.8700,59.3630,3.299954
_151_,VDD,Metal1,77.9565,67.0730,3.299983
_150_,VDD,Metal1,83.7300,59.3630,3.299953
_149_,VDD,Metal1,73.3430,67.1030,3.299983
_148_,VDD,Metal1,114.1230,114.1130,3.299962
_147_,VDD,Metal1,122.3700,114.2430,3.299962
_146_,VDD,Metal1,101.1200,121.1625,3.299891
_145_,VDD,Metal1,110.7630,105.4065,3.299903
_144_,VDD,Metal1,126.8300,106.4030,3.299903
_143_,VDD,Metal1,99.4900,42.6385,3.299898
_142_,VDD,Metal1,106.8600,27.0175,3.299981
_141_,VDD,Metal1,100.8150,98.5400,3.299981
_140_,VDD,Metal1,101.0400,97.6425,3.299981
_139_,VDD,Metal1,95.4700,98.5630,3.299981
_138_,VDD,Metal1,99.2000,82.7430,3.299906
_137_,VDD,Metal1,88.1900,90.7230,3.299994
_136_,VDD,Metal1,88.7860,74.8700,3.299935
_135_,VDD,Metal1,95.0665,75.0165,3.299935
_134_,VDD,Metal1,111.2500,42.6385,3.299898
_133_,VDD,Metal1,103.2200,42.6850,3.299898
_132_,VDD,Metal1,89.6800,35.7025,3.299976
_131_,VDD,Metal1,82.3030,43.5830,3.299899
_130_,VDD,Metal1,88.6700,82.8010,3.299906
_129_,VDD,Metal1,82.7865,67.0875,3.299983
_128_,VDD,Metal1,99.2130,137.6475,3.299977
_127_,VDD,Metal1,93.4265,121.9675,3.299891
_126_,VDD,Metal1,110.2265,121.0725,3.299891
_125_,VDD,Metal1,118.0665,137.6475,3.299977
_124_,VDD,Metal1,119.1865,114.1275,3.299962
_123_,VDD,Metal1,73.4530,113.2325,3.299963
_122_,VDD,Metal1,59.8265,105.3925,3.299905
_121_,VDD,Metal1,54.7865,121.0725,3.299893
_120_,VDD,Metal1,53.1065,137.6475,3.299979
_119_,VDD,Metal1,81.8530,121.9675,3.299891
_118_,VDD,Metal1,68.4130,136.7525,3.299978
_117_,VDD,Metal1,43.2130,129.8075,3.299948
_116_,VDD,Metal1,44.8930,136.7525,3.299979
_115_,VDD,Metal1,75.6930,114.1275,3.299963
_114_,VDD,Metal1,93.3400,35.7150,3.299976
_113_,VDD,Metal1,115.7400,19.1650,3.299992
_112_,VDD,Metal1,61.2200,50.5250,3.299976
_111_,VDD,Metal1,64.7800,34.8450,3.299976
_110_,VDD,Metal1,96.7000,67.0750,3.299982
_109_,VDD,Metal1,103.9800,90.5950,3.299994
_108_,VDD,Metal1,107.1400,42.6850,3.299898
