net,length_um
clknet_0_clk,809.8µm
net195,510.87µm
net619,489.13µm
net198,484.19µm
net216,435.32µm
net214,415.72µm
net620,387.85µm
net82,374.13µm
net643,372.04µm
net626,371.38µm
net192,357.94µm
clk,357.7µm
net486,353.1µm
net663,338.39µm
net529,335.09µm
net636,328.82µm
net512,326.53µm
net632,324.68µm
net159,321.13µm
net651,311.61µm
net488,309.78µm
_1283_,303.82µm
net515,293.23µm
net634,293.03µm
net650,291.3µm
net652,291.3µm
net186,291.21µm
net8,290.33µm
net513,282.29µm
net160,282.21µm
net153,279.54µm
net510,272.97µm
net642,269.66µm
net487,269.61µm
net158,269.58µm
net492,268.49µm
net157,268.29µm
_1282_,267.73µm
net11,267.5µm
net635,265.03µm
net498,263.96µm
_1347_,259.53µm
net518,258.72µm
net212,257.39µm
net194,254.95µm
net503,254.49µm
net516,248.38µm
_1280_,248.33µm
clknet_4_11_0_clk,246.09µm
cal_burst_active,245.38µm
net517,243.14µm
net188,242.68µm
net511,241.14µm
net618,239.12µm
net174,238.71µm
net505,238.65µm
net196,238.2µm
net167,237.69µm
net495,237.13µm
net49,237.03µm
net87,236.52µm
net154,236.37µm
_1287_,235.86µm
_1286_,235.55µm
net2,233.06µm
net476,232.6µm
net47,230.82µm
net68,229.14µm
_1160_,227.41µm
net217,226.9µm
net223,225.27µm
net27,224.66µm
net200,224.25µm
net190,224.05µm
net500,224µm
_1284_,223.59µm
net6,223.03µm
net152,222.42µm
net50,221.91µm
net519,221.8µm
net653,221.4µm
net73,221.33µm
net25,221.25µm
net140,221.2µm
net478,221.2µm
net1,220.64µm
net69,220.28µm
_1345_,218.09µm
clknet_4_10_0_clk,217.43µm
_1285_,214.58µm
_0737_,213.46µm
net193,213.46µm
net175,213.41µm
clknet_4_3_0_clk,211.52µm
net185,211.32µm
net205,205.77µm
_1351_,202.97µm
net483,201.8µm
net48,201.65µm
net7,199.05µm
clknet_4_2_0_clk,199µm
_1318_,198.09µm
_0676_,197.37µm
clknet_4_1_0_clk,197.32µm
net85,197.12µm
clknet_4_15_0_clk,196.86µm
net66,196.82µm
net658,196.05µm
net42,195.48µm
net131,195.03µm
net141,194.32µm
net504,192.33µm
net209,191.67µm
net143,189.48µm
_1363_,189.43µm
net224,189.02µm
net166,188.51µm
phase_acc\[8\],187.7µm
net481,187.65µm
net480,186.77µm
_1278_,186.58µm
net477,185.56µm
net499,185.17µm
clknet_4_13_0_clk,184.44µm
net172,183.73µm
_1319_,183.52µm
net662,182.05µm
net52,181.49µm
net29,180.91µm
clknet_4_9_0_clk,180.52µm
net9,179.2µm
net491,178.23µm
net494,178.12µm
net71,177.72µm
net208,175.99µm
net441,174.72µm
net43,173.7µm
_1291_,173.19µm
net204,173.19µm
_1349_,173.04µm
_1264_,173.01µm
_1265_,171.76µm
net215,170.85µm
phase_acc\[2\],170.44µm
clknet_4_0_0_clk,170.44µm
_0765_,169.83µm
net219,169.73µm
net489,169.42µm
_1314_,169.32µm
net641,169.27µm
net225,168.81µm
net70,168.61µm
net514,168.2µm
net656,166.47µm
net28,165.86µm
net26,165.38µm
net191,164.74µm
clknet_4_8_0_clk,164.38µm
_1270_,164.13µm
net136,163.67µm
net630,162.55µm
net479,162.45µm
net506,162.4µm
net180,160.97µm
_1281_,159.14µm
net210,159.14µm
_1308_,156.44µm
net446,155.93µm
phase_acc\[4\],154.81µm
net549,154.1µm
net550,153.49µm
net139,152.37µm
cfg_phase270_offset[11],152.085µm
_1309_,151.4µm
net17,151.3µm
_0660_,150.74µm
net625,150.69µm
phase_acc\[6\],150.18µm
net429,149.67µm
net133,148.4µm
phase_acc\[1\],148.19µm
net496,148.19µm
_1341_,147.33µm
_0638_,147.28µm
net470,146.87µm
net22,146.72µm
_1337_,146.36µm
net201,146.21µm
net617,146.21µm
_1249_,145.19µm
net24,144.92µm
net482,144.53µm
cfg_phase90_offset[20],144.195µm
net178,144.07µm
net222,144.07µm
net183,143.56µm
net524,142.9µm
net220,142.54µm
net460,142.34µm
phase_acc\[10\],141.78µm
net228,141.73µm
_1316_,140.2µm
net64,140.1µm
net403,139.44µm
net528,139.44µm
_1251_,139.03µm
net168,138.88µm
net169,138.47µm
net541,137.86µm
net67,137.81µm
net347,137.81µm
net400,137.3µm
net45,137.25µm
_1252_,136.23µm
_1245_,136.15µm
_1327_,135.72µm
_1271_,135.57µm
net3,135.06µm
net23,135.06µm
net351,134.6µm
net364,134.55µm
net649,134.5µm
net31,134.4µm
net523,133.94µm
net44,133.54µm
_1257_,133.48µm
net181,133.02µm
_1321_,132.44µm
net555,132.26µm
net359,130.12µm
_1325_,129.41µm
clknet_4_6_0_clk,128.54µm
_1254_,128.44µm
_0762_,128.34µm
clknet_4_7_0_clk,127.88µm
net501,127.83µm
_0667_,127.73µm
net646,127.73µm
_1261_,127.27µm
_1339_,127.12µm
_1206_,126.45µm
net332,126.05µm
_1161_,125.54µm
_1208_,125.49µm
net46,125.44µm
net410,125.03µm
phase_acc\[5\],124.98µm
net138,124.93µm
net624,124.88µm
clknet_4_12_0_clk,124.72µm
_1093_,124.47µm
net179,124.47µm
net493,124.37µm
net536,123.86µm
net63,123.81µm
_1080_,123.35µm
net451,123.35µm
net534,123.35µm
net142,121.67µm
_1256_,121.16µm
net435,119.89µm
net176,119.38µm
_1348_,119.28µm
net100,118.97µm
_1248_,118.77µm
net65,118.72µm
net444,118.72µm
_1243_,118.31µm
net16,118.16µm
net235,118.16µm
net221,118.13µm
net197,117.9µm
net472,117.75µm
net14,117.7µm
net118,117.65µm
net647,117.19µm
net262,117.14µm
net660,117.09µm
net419,116.68µm
net271,116.27µm
_1307_,116.02µm
net520,115.51µm
_1332_,114.29µm
net544,113.88µm
net173,113.83µm
net59,113.73µm
net80,113.42µm
net81,113.17µm
net144,113.1µm
net15,112.71µm
net148,112.61µm
_1263_,112.35µm
net539,112µm
phase_acc\[13\],111.59µm
net346,111.59µm
clknet_4_5_0_clk,111.13µm
net437,111.03µm
net60,110.52µm
net334,110.52µm
_1333_,110.47µm
net453,110.37µm
net348,109.96µm
net151,109.9µm
net263,109.86µm
net62,109.81µm
net213,109.81µm
net640,109.76µm
net161,108.97µm
clknet_4_4_0_clk,108.33µm
net189,108.23µm
_1334_,108.18µm
net97,108.18µm
net242,108.18µm
net466,108.13µm
net448,107.67µm
_1086_,107.57µm
phase_acc\[0\],107.21µm
net349,107.16µm
net135,107.11µm
phase_acc\[16\],106.7µm
clknet_4_14_0_clk,106.6µm
net272,106.55µm
net424,106.5µm
net532,106.45µm
net421,105.89µm
wave_cycle_cnt\[0\],105.28µm
net657,104.92µm
net41,104.82µm
net405,104.82µm
net137,104.21µm
net170,104.21µm
net39,104.16µm
net502,104.16µm
_1259_,103.09µm
net527,103.04µm
wave_cycle_cnt\[5\],102.58µm
net278,101µm
net211,100.9µm
net409,100.8µm
net484,100.39µm
_1323_,100.34µm
wave_cycle_cnt\[1\],99.98µm
net659,99.73µm
net509,99.32µm
_1290_,99.27µm
net101,99.17µm
net134,99.12µm
net89,98.71µm
net485,98.66µm
net268,98.15µm
net116,98.1µm
_1266_,98.08µm
net323,97.59µm
net171,97.54µm
net540,97.54µm
net319,97.44µm
net226,96.98µm
_1353_,96.93µm
net117,96.93µm
_1471_,96.77µm
net391,95.86µm
net404,95.76µm
net339,95.35µm
phase_acc\[15\],95.3µm
net13,95.2µm
net115,94.64µm
net12,94.28µm
net109,94.18µm
net165,94.13µm
_1329_,93.67µm
_1352_,93.62µm
net72,93.62µm
net535,93.57µm
_0951_,93.52µm
net163,93.52µm
net393,93.52µm
net362,93.16µm
net40,93.11µm
net629,93.06µm
_0239_,93.01µm
_1258_,93.01µm
net408,92.96µm
_1210_,92.5µm
net177,92.5µm
net243,92.45µm
net114,92.4µm
net561,91.89µm
cfg_phase90_offset[17],91.655µm
net95,91.33µm
net468,90.97µm
net335,90.82µm
net545,90.77µm
net588,90.77µm
net547,90.72µm
net343,90.31µm
net507,90.26µm
wave_cycle_cnt\[3\],89.75µm
net233,89.7µm
net378,89.7µm
net542,89.7µm
net320,89.65µm
_1320_,89.19µm
net328,89.19µm
net475,89.09µm
net586,89.04µm
net331,88.63µm
net365,88.53µm
net497,88.48µm
_0474_,87.97µm
net132,87.97µm
net321,87.97µm
_1262_,87.51µm
net99,87.51µm
net374,87µm
net231,86.95µm
net317,86.85µm
net464,86.85µm
net401,86.34µm
net655,86.29µm
cfg_phase0_offset[15],86.005µm
net490,85.83µm
net533,85.27µm
capture_step\[2\],84.71µm
net88,84.66µm
net145,84.66µm
net436,84.66µm
net543,84.66µm
_1357_,84.56µm
_1475_,84.4µm
cfg_phase270_offset[17],84.275µm
net366,84.15µm
net384,84.1µm
net21,84µm
_1350_,83.54µm
net94,83.44µm
net423,82.93µm
net623,82.93µm
net361,82.47µm
_1502_,82.42µm
net229,82.42µm
net269,82.32µm
net264,81.91µm
net360,81.86µm
net182,81.4µm
net333,81.35µm
_0846_,81.3µm
net38,81.3µm
net266,81.3µm
_1343_,81.25µm
_0511_,81.2µm
_1346_,81.2µm
net379,80.74µm
net37,80.69µm
cfg_phase270_offset[7],80.355µm
net51,80.13µm
net382,80.13µm
net548,79.11µm
_1335_,79.06µm
net648,79.06µm
_1342_,79.01µm
_1410_,79.01µm
net18,78.96µm
cfg_phase90_offset[14],78.725µm
net258,78.55µm
net329,78.55µm
_0969_,78.5µm
_1279_,78.5µm
net375,78.5µm
_0008_,78.45µm
net546,78.45µm
net645,78.4µm
net310,78.04µm
net368,77.99µm
net406,77.94µm
net531,77.94µm
net267,77.89µm
net615,77.84µm
net616,77.38µm
net508,76.87µm
phase_acc\[20\],76.77µm
net342,76.77µm
net612,76.31µm
net202,76.26µm
_1340_,76.21µm
_1411_,76.21µm
cfg_phase90_offset[11],75.875µm
net462,75.7µm
_0506_,75.19µm
_1473_,75.14µm
_1344_,75.04µm
net113,75.04µm
_0570_,74.68µm
net249,74.58µm
net473,74.48µm
_0657_,74.02µm
net248,74.02µm
net274,74.02µm
net337,74.02µm
net572,74.02µm
net241,73.36µm
net336,72.95µm
net86,72.85µm
_0234_,72.8µm
net428,72.44µm
net277,72.29µm
net79,72.24µm
wave_cycle_cnt\[2\],71.88µm
_0274_,71.78µm
cfg_phase270_offset[12],71.395µm
_1324_,71.37µm
_0735_,71.32µm
net627,71.27µm
net327,71.22µm
net628,71.22µm
net234,71.17µm
cfg_phase0_offset[17],70.885µm
phase_acc\[12\],70.66µm
_0873_,70.61µm
_0699_,70.56µm
net155,70.3µm
_1313_,70.1µm
net230,70.1µm
net122,70.05µm
cfg_phase90_offset[0],69.715µm
_1603_,69.64µm
_1336_,69.59µm
net344,69.54µm
net112,69.44µm
cfg_phase90_offset[5],69.255µm
net57,68.88µm
cfg_phase0_offset[13],68.595µm
cfg_phase0_offset[7],68.595µm
_0648_,68.42µm
_0405_,68.37µm
net199,68.37µm
net255,68.37µm
_0273_,68.32µm
_0374_,67.91µm
_1474_,67.91µm
net585,67.86µm
net590,67.86µm
net593,67.81µm
_1506_,67.76µm
cfg_phase0_offset[11],67.475µm
cfg_phase0_offset[9],67.475µm
cfg_phase270_offset[6],67.475µm
_0494_,67.35µm
net253,67.35µm
net633,67.35µm
net260,67.3µm
net376,67.3µm
net280,67.25µm
net316,67.25µm
net149,67.2µm
net595,66.74µm
net338,66.69µm
net106,66.64µm
net554,66.18µm
_0819_,66.13µm
net265,66.13µm
_1692_,66.08µm
net654,65.67µm
_1671_,65.62µm
net257,65.62µm
net356,65.62µm
net111,65.01µm
net238,64.6µm
net184,64.55µm
_0279_,64.5µm
_1360_,64.5µm
_1456_,64.5µm
net187,64.5µm
net370,64.5µm
_0650_,64.4µm
phase_acc\[19\],64.4µm
cfg_phase270_offset[19],64.165µm
_0740_,63.99µm
capture_pending,63.89µm
net315,63.53µm
net380,63.38µm
net607,63.33µm
net614,63.33µm
net293,63.28µm
cfg_phase0_offset[2],62.995µm
net247,62.92µm
net96,62.82µm
net147,62.77µm
net78,62.77µm
net622,62.77µm
cfg_phase0_offset[1],62.435µm
cfg_phase90_offset[2],62.435µm
net415,62.31µm
_1326_,62.21µm
net150,62.16µm
net20,62.16µm
cfg_phase0_offset[8],61.875µm
net371,61.8µm
net61,61.7µm
net439,61.65µm
_0516_,61.6µm
cfg_phase90_offset[6],61.545µm
cfg_phase0_offset[12],61.315µm
comp,61.315µm
net128,61.09µm
net76,61.04µm
wave_cycle_cnt\[7\],60.78µm
net383,60.68µm
net330,60.63µm
_0324_,60.58µm
net443,60.58µm
_1306_,60.53µm
net433,60.53µm
_0576_,60.48µm
cfg_phase0_offset[4],60.295µm
net239,60.07µm
net312,60.07µm
net521,60.07µm
net431,59.97µm
_1494_,59.92µm
cal_phase270_offset[12],59.745µm
cfg_phase270_offset[9],59.685µm
latch_error,59.635µm
_1495_,59.61µm
net237,59.46µm
_1331_,59.36µm
cal_phase270_offset[10],59.125µm
cal_phase270_offset[11],59.075µm
cal_phase270_offset[18],59.075µm
net559,58.9µm
_1289_,58.8µm
cal_phase270_offset[13],58.565µm
cal_phase270_offset[20],58.565µm
net270,58.44µm
_0272_,58.34µm
_0810_,58.34µm
net324,58.34µm
_0282_,58.29µm
net162,58.29µm
net397,58.29µm
net314,58.24µm
cal_phase270_offset[15],58.005µm
cal_phase270_offset[17],58.005µm
cal_phase270_offset[14],57.955µm
cal_phase270_offset[16],57.955µm
cal_phase270_offset[8],57.955µm
raw_edge1[0],57.955µm
_0509_,57.88µm
net227,57.83µm
net458,57.83µm
net525,57.78µm
_0240_,57.73µm
_0567_,57.73µm
cfg_phase270_offset[16],57.445µm
_0257_,57.27µm
_1315_,57.22µm
_0232_,57.17µm
_1609_,57.17µm
_1659_,57.17µm
net396,57.17µm
raw_edge1[11],56.935µm
cfg_phase90_offset[8],56.835µm
cal_phase270_offset[19],56.835µm
raw_edge1[1],56.835µm
net350,56.71µm
_0756_,56.66µm
net146,56.66µm
net32,56.66µm
net54,56.66µm
_1194_,56.61µm
_1606_,56.61µm
net98,56.56µm
net373,56.56µm
cfg_phase90_offset[16],56.325µm
cfg_phase0_offset[10],56.275µm
_1485_,56.1µm
net358,56.1µm
net594,56.1µm
net75,56µm
net74,55.64µm
_0237_,55.54µm
_0748_,55.54µm
net597,55.54µm
_1658_,55.49µm
net311,55.49µm
_1622_,55.44µm
net125,55.44µm
net353,55.44µm
net571,55.44µm
cfg_f_MEMS_fcw[7],55.155µm
cfg_phase90_offset[19],55.155µm
cal_phase270_offset[5],55.155µm
cal_phase270_offset[6],55.155µm
net246,55.08µm
net638,54.98µm
_1356_,54.93µm
_1361_,54.93µm
net589,54.93µm
_0382_,54.88µm
delay_wave_cycle[1],54.645µm
cfg_phase270_offset[10],54.595µm
cfg_phase270_offset[2],54.595µm
cal_phase270_offset[9],54.595µm
_1317_,54.42µm
net399,54.42µm
cfg_phase270_offset[18],54.035µm
cal_phase270_offset[0],54.035µm
cal_phase90_offset[14],54.035µm
raw_edge3[14],54.035µm
_0507_,53.91µm
_1450_,53.81µm
net250,53.81µm
cal_phase270_offset[7],53.525µm
_0328_,53.48µm
cal_phase270_offset[1],53.475µm
_0703_,53.35µm
_0217_,53.3µm
_1359_,53.3µm
net251,53.3µm
net322,53.3µm
net422,53.3µm
net558,53.3µm
_0836_,53.25µm
_1389_,53.25µm
_1484_,53.25µm
net386,53.25µm
net416,53.2µm
cfg_phase0_offset[14],52.915µm
cal_phase0_offset[16],52.915µm
cal_phase270_offset[2],52.915µm
raw_edge1[15],52.915µm
net604,52.79µm
net245,52.74µm
net631,52.74µm
_0230_,52.69µm
net55,52.64µm
net457,52.64µm
cal_phase0_offset[17],52.355µm
cal_phase270_offset[4],52.355µm
raw_edge1[4],52.355µm
net449,52.33µm
net459,52.23µm
_0168_,52.08µm
net56,52.08µm
net283,52.08µm
cfg_phase90_offset[3],51.845µm
cal_phase90_offset[20],51.845µm
cfg_phase270_offset[4],51.795µm
cfg_phase90_offset[13],51.795µm
cfg_phase90_offset[9],51.795µm
cal_phase0_offset[20],51.795µm
cal_phase270_offset[3],51.795µm
net232,51.67µm
net325,51.62µm
_0637_,51.57µm
net236,51.57µm
net256,51.57µm
net381,51.57µm
_0587_,51.52µm
cal_phase90_offset[0],51.235µm
cal_phase90_offset[3],51.235µm
_0229_,51.16µm
net309,51.11µm
net388,51.11µm
raw_edge1[9],50.725µm
cfg_phase270_offset[15],50.675µm
cal_phase90_offset[1],50.675µm
cal_phase90_offset[4],50.675µm
raw_edge1[3],50.675µm
_1365_,50.5µm
_0522_,50.4µm
_1490_,50.4µm
cal_phase0_offset[19],50.165µm
cfg_f_MEMS_fcw[1],50.115µm
cal_phase0_offset[11],50.115µm
cal_phase0_offset[15],50.115µm
cal_phase90_offset[19],50.115µm
cal_phase90_offset[2],50.115µm
delay_wave_cycle[5],50.115µm
net557,49.99µm
_1507_,49.94µm
net613,49.94µm
net580,49.89µm
cfg_phase270_offset[14],49.555µm
cal_phase0_offset[12],49.555µm
cal_phase90_offset[10],49.555µm
cal_phase90_offset[16],49.555µm
cal_phase90_offset[17],49.555µm
raw_edge3[9],49.555µm
net357,49.43µm
_1482_,49.33µm
net240,49.33µm
cal_phase90_offset[11],49.045µm
cal_phase0_offset[18],48.995µm
cal_phase90_offset[13],48.995µm
cal_phase90_offset[15],48.995µm
cal_phase90_offset[18],48.995µm
cal_phase90_offset[5],48.995µm
cal_phase90_offset[7],48.995µm
cal_phase90_offset[9],48.995µm
net621,48.92µm
net445,48.82µm
cfg_phase0_offset[3],48.435µm
cfg_phase90_offset[1],48.435µm
cal_phase0_offset[4],48.435µm
cal_phase0_offset[6],48.435µm
cal_phase90_offset[8],48.435µm
delay_wave_cycle[0],48.435µm
delay_wave_cycle[2],48.435µm
_0241_,48.26µm
net261,48.26µm
_0714_,48.21µm
net259,48.21µm
_0769_,48.16µm
net218,48.16µm
cfg_phase270_offset[0],47.925µm
cal_phase0_offset[5],47.925µm
cfg_phase0_offset[0],47.875µm
cfg_phase0_offset[5],47.875µm
cfg_phase90_offset[15],47.875µm
cal_phase0_offset[10],47.875µm
cal_phase0_offset[14],47.875µm
cal_phase90_offset[12],47.875µm
raw_edge2[0],47.875µm
net275,47.85µm
_0580_,47.7µm
_1260_,47.7µm
net564,47.65µm
cal_phase0_offset[9],47.365µm
cfg_phase270_offset[1],47.315µm
cfg_phase270_offset[5],47.315µm
_0404_,47.14µm
net77,47.14µm
net592,47.14µm
_0223_,47.09µm
_0253_,47.09µm
_1354_,47.09µm
_1358_,47.09µm
net377,47.09µm
net611,47.09µm
_0967_,47.04µm
cfg_phase0_offset[6],46.755µm
cal_phase0_offset[13],46.755µm
cal_phase0_offset[2],46.755µm
cal_phase90_offset[6],46.755µm
delay_wave_cycle[4],46.755µm
raw_edge3[15],46.755µm
_0220_,46.53µm
net244,46.53µm
_0560_,46.48µm
_1624_,46.48µm
cfg_phase90_offset[12],46.195µm
cfg_phase90_offset[7],46.195µm
raw_edge3[10],46.195µm
wave_cycle_cnt\[4\],46.12µm
net313,46.12µm
net579,46.07µm
_0753_,45.97µm
net467,45.92µm
cal_phase0_offset[7],45.635µm
cal_phase0_offset[8],45.635µm
raw_edge1[8],45.635µm
raw_edge3[12],45.635µm
raw_edge3[18],45.635µm
raw_edge3[6],45.635µm
raw_edge3[8],45.635µm
_0238_,45.41µm
_0763_,45.41µm
net474,45.41µm
phase_acc\[11\],45.36µm
_1666_,45.23µm
cfg_phase0_offset[18],45.125µm
cfg_phase90_offset[18],45.125µm
cal_phase0_offset[3],45.075µm
raw_edge3[17],45.075µm
net355,44.9µm
_0216_,44.85µm
_1598_,44.85µm
net30,44.85µm
net661,44.85µm
_0565_,44.8µm
cal_phase0_offset[1],44.515µm
raw_edge3[11],44.515µm
raw_edge3[16],44.515µm
raw_edge3[19],44.515µm
raw_edge3[20],44.515µm
raw_edge3[7],44.515µm
_1276_,44.29µm
_0442_,44.24µm
_1288_,44.24µm
net606,44.24µm
raw_edge3[13],44.005µm
cfg_phase0_offset[16],43.955µm
cfg_phase270_offset[3],43.955µm
raw_edge1[10],43.955µm
raw_edge1[12],43.955µm
_0741_,43.83µm
_1483_,43.78µm
net427,43.73µm
net130,43.68µm
phase_acc\[18\],43.68µm
net603,43.68µm
delay_wave_cycle[3],43.395µm
raw_edge3[4],43.395µm
net637,43.27µm
_0640_,43.22µm
_0724_,43.22µm
_1476_,43.17µm
net203,43.17µm
cfg_phase0_offset[20],42.835µm
cfg_phase90_offset[10],42.835µm
cal_dir,42.835µm
cal_phase0_offset[0],42.835µm
_0251_,42.61µm
_0589_,42.61µm
_1605_,42.56µm
raw_edge1[7],42.325µm
raw_edge1[13],42.275µm
raw_edge3[5],42.275µm
wave_cycle_cnt\[6\],42.25µm
net340,42.1µm
net420,42.05µm
net577,42.05µm
_0553_,42µm
net119,42µm
cfg_phase270_offset[20],41.715µm
net407,41.64µm
net440,41.59µm
net447,41.59µm
_0736_,41.49µm
_1430_,41.49µm
net120,41.49µm
raw_edge1[14],41.155µm
raw_edge1[16],41.155µm
raw_edge1[18],41.155µm
net390,41.08µm
net461,41.03µm
_1613_,40.98µm
net591,40.98µm
net552,40.93µm
net452,40.88µm
_1299_,40.47µm
_0981_,40.42µm
_0226_,40.37µm
_1614_,40.37µm
_1648_,40.32µm
delay_wave_cycle[7],40.035µm
net53,39.91µm
net454,39.86µm
_0235_,39.81µm
_1062_,39.81µm
net129,39.81µm
net434,39.81µm
cfg_phase270_offset[8],39.525µm
raw_edge3[1],39.475µm
raw_edge3[2],39.475µm
_0842_,39.35µm
net367,39.3µm
net609,39.3µm
net299,39.25µm
raw_edge1[19],38.915µm
raw_edge1[20],38.915µm
net537,38.79µm
_1046_,38.74µm
net411,38.74µm
_0484_,38.69µm
_0868_,38.69µm
_1602_,38.69µm
net426,38.69µm
cfg_phase0_offset[19],38.355µm
raw_edge3[0],38.355µm
net254,38.28µm
_0214_,38.24µm
net252,38.23µm
net573,38.23µm
net553,38.18µm
_0335_,38.13µm
_0373_,38.13µm
net469,38.13µm
net568,38.13µm
raw_edge2[2],37.845µm
raw_edge1[2],37.795µm
_0248_,37.67µm
net279,37.67µm
net318,37.62µm
net563,37.62µm
_0236_,37.57µm
_1330_,37.57µm
_1377_,37.57µm
_0630_,37.52µm
_1025_,37.52µm
phase_acc\[17\],37.52µm
net282,37.52µm
delay_wave_cycle[6],37.235µm
raw_edge3[3],37.235µm
_1369_,37.21µm
net412,37.06µm
net414,37.06µm
net567,37.06µm
_0265_,37.01µm
_1550_,37.01µm
net305,37.01µm
raw_edge1[17],36.675µm
raw_edge1[5],36.675µm
raw_edge2[1],36.675µm
raw_edge2[8],36.675µm
_0634_,36.5µm
net418,36.5µm
_0642_,36.45µm
_0929_,36.45µm
_1661_,36.4µm
net306,36.4µm
cfg_phase90_offset[4],36.215µm
net556,35.99µm
net300,35.94µm
net352,35.94µm
_0310_,35.89µm
_1751_,35.89µm
_0309_,35.84µm
_0636_,35.84µm
net123,35.84µm
phase_acc\[7\],35.84µm
net608,35.84µm
raw_edge2[3],35.555µm
_0211_,35.38µm
_1601_,35.38µm
net10,35.38µm
_0363_,35.33µm
_0739_,35.33µm
_1225_,35.33µm
_1625_,35.33µm
raw_edge1[6],34.995µm
raw_edge2[7],34.995µm
phase_acc\[3\],34.92µm
_1708_,34.87µm
net304,34.87µm
_0357_,34.82µm
_1632_,34.82µm
_1687_,34.82µm
_1007_,34.77µm
_1416_,34.77µm
_0262_,34.72µm
_0812_,34.72µm
_0965_,34.72µm
_1712_,34.72µm
net273,34.26µm
_0225_,34.21µm
_1682_,34.21µm
_1778_,34.21µm
net402,34.21µm
net455,34.21µm
net575,34.21µm
net584,34.21µm
net107,34.16µm
net570,33.93µm
_0563_,33.75µm
_1372_,33.7µm
net417,33.7µm
_0858_,33.65µm
_1700_,33.65µm
net605,33.65µm
_0831_,33.6µm
raw_edge2[19],33.315µm
_0904_,33.09µm
_0970_,33.09µm
_1459_,33.09µm
net91,33.09µm
net430,33.09µm
raw_edge2[20],32.755µm
raw_edge2[4],32.755µm
_0204_,32.63µm
_0726_,32.63µm
_0147_,32.58µm
_0539_,32.58µm
_1246_,32.58µm
_0304_,32.53µm
_0316_,32.53µm
_0785_,32.53µm
net58,32.53µm
_0728_,32.48µm
net413,32.48µm
_1370_,32.02µm
net394,32.02µm
_0544_,31.97µm
_0848_,31.97µm
_1753_,31.97µm
net5,31.97µm
_1600_,31.92µm
_1608_,31.92µm
net103,31.92µm
net121,31.92µm
_1164_,31.46µm
_1776_,31.46µm
_1789_,31.46µm
_0463_,31.41µm
_1030_,31.41µm
_1448_,31.41µm
net450,31.41µm
net581,31.41µm
_0520_,31.36µm
_0713_,31.36µm
_1596_,31.36µm
cfg_f_MEMS_fcw[3],31.075µm
raw_edge2[6],31.075µm
_0527_,30.9µm
_0529_,30.9µm
_0793_,30.85µm
_1065_,30.85µm
_1599_,30.85µm
_1654_,30.85µm
_1703_,30.85µm
_0259_,30.8µm
_0654_,30.8µm
_0945_,30.8µm
net281,30.8µm
raw_edge2[18],30.515µm
raw_edge2[5],30.515µm
raw_edge2[9],30.515µm
_0536_,30.34µm
_0771_,30.34µm
_1468_,30.34µm
net156,30.34µm
net442,30.34µm
net569,30.34µm
_0508_,30.29µm
_0558_,30.29µm
_0870_,30.29µm
_1400_,30.29µm
_0247_,30.24µm
_0393_,30.24µm
_0662_,30.24µm
_1462_,30.24µm
_0972_,29.83µm
_1565_,29.83µm
net578,29.78µm
_0653_,29.73µm
_0955_,29.73µm
_1417_,29.73µm
net598,29.73µm
_1040_,29.43µm
cfg_f_MEMS_fcw[11],29.395µm
raw_edge2[17],29.395µm
_0533_,29.27µm
net36,29.27µm
_0599_,29.22µm
_0691_,29.22µm
net363,29.22µm
net387,29.22µm
_0197_,29.17µm
comp_sync3,29.17µm
net471,29.17µm
net587,29.17µm
net602,29.17µm
_0513_,29.12µm
_1585_,29.12µm
_1607_,29.12µm
_1620_,29.12µm
phase_acc\[14\],29.12µm
net526,28.71µm
_0169_,28.66µm
_1486_,28.66µm
net610,28.66µm
_0646_,28.61µm
_0722_,28.61µm
net398,28.56µm
raw_edge2[11],28.275µm
_0476_,28.1µm
_0988_,28.1µm
_0991_,28.1µm
_1611_,28.1µm
_0329_,28.05µm
_0414_,28.05µm
_1023_,28.05µm
_1580_,28.05µm
net90,28.05µm
net385,28.05µm
_0541_,28µm
_1546_,28µm
_1668_,28µm
net291,28µm
raw_edge2[10],27.715µm
_0386_,27.54µm
_0860_,27.54µm
_1338_,27.54µm
_1748_,27.54µm
_0305_,27.49µm
_0733_,27.49µm
_0864_,27.49µm
_1074_,27.49µm
_1362_,27.49µm
_1541_,27.49µm
comp_sync4,27.49µm
_0370_,27.44µm
_0639_,27.44µm
_0707_,27.44µm
_0729_,27.44µm
net110,27.44µm
_1159_,27.16µm
cfg_f_MEMS_fcw[12],27.155µm
cfg_phase270_offset[13],27.155µm
raw_edge2[16],27.155µm
_1479_,27.03µm
cal_burst_armed,27.03µm
_0433_,26.98µm
_0005_,26.93µm
_0470_,26.93µm
net92,26.93µm
_1205_,26.88µm
_1237_,26.88µm
cfg_f_MEMS_fcw[9],26.595µm
net389,26.47µm
_0350_,26.42µm
_0411_,26.42µm
_0659_,26.42µm
_1783_,26.42µm
net301,26.42µm
net639,26.42µm
_0643_,26.37µm
_0720_,26.37µm
_0935_,26.37µm
net596,26.37µm
net599,26.37µm
_0266_,26.32µm
_1414_,26.32µm
raw_edge2[12],26.035µm
_0454_,25.91µm
net354,25.91µm
_0161_,25.86µm
_0410_,25.86µm
_0974_,25.86µm
_1772_,25.86µm
_0007_,25.81µm
_0649_,25.81µm
_1302_,25.81µm
net19,25.81µm
net276,25.81µm
net560,25.81µm
_0641_,25.76µm
net127,25.76µm
net83,25.76µm
cfg_f_MEMS_fcw[10],25.475µm
_0959_,25.4µm
_0434_,25.3µm
_0960_,25.3µm
_1267_,25.3µm
_1597_,25.3µm
_0242_,25.25µm
_0358_,25.25µm
_0364_,25.25µm
_0596_,25.25µm
_0622_,25.25µm
_0833_,25.25µm
_0850_,25.25µm
_0953_,25.25µm
_1653_,25.25µm
net308,25.25µm
_0231_,25.2µm
_0975_,25.2µm
_1442_,25.2µm
_1477_,25.2µm
_1723_,24.79µm
_0183_,24.74µm
_0268_,24.74µm
_0811_,24.74µm
_0839_,24.74µm
_1489_,24.74µm
_1497_,24.74µm
_1529_,24.74µm
net35,24.74µm
_0137_,24.69µm
_0138_,24.69µm
_0152_,24.69µm
_0661_,24.69µm
_1048_,24.69µm
_1051_,24.69µm
_1779_,24.69µm
net345,24.69µm
_0228_,24.64µm
_0518_,24.64µm
_0555_,24.64µm
_0621_,24.64µm
_0930_,24.64µm
_1013_,24.64µm
_1662_,24.64µm
net566,24.64µm
_0356_,24.36µm
_1144_,24.28µm
_0424_,24.18µm
_0532_,24.18µm
_0608_,24.18µm
_1636_,24.18µm
net576,24.18µm
_0333_,24.13µm
_0854_,24.13µm
_1589_,24.13µm
_0584_,24.08µm
_0626_,24.08µm
_1034_,24.08µm
_0429_,23.67µm
_0499_,23.67µm
_0549_,23.67µm
_0174_,23.62µm
_1068_,23.62µm
_1510_,23.62µm
_1698_,23.62µm
_0664_,23.57µm
_0679_,23.57µm
_1312_,23.57µm
_1652_,23.57µm
_0401_,23.52µm
_0438_,23.52µm
_0678_,23.52µm
_0938_,23.52µm
_1057_,23.52µm
_1355_,23.52µm
_1440_,23.52µm
_1555_,23.52µm
_1623_,23.52µm
_1756_,23.52µm
_0465_,23.11µm
_0966_,23.11µm
_0275_,23.06µm
_0488_,23.06µm
_0727_,23.06µm
_1098_,23.06µm
_1531_,23.06µm
_1561_,23.06µm
net438,23.06µm
_0376_,23.01µm
_0395_,23.01µm
_0747_,23.01µm
_0898_,23.01µm
_0926_,23.01µm
_1542_,23.01µm
_1731_,23.01µm
net562,23.01µm
_0808_,22.96µm
_0977_,22.96µm
_0752_,22.6µm
_0491_,22.55µm
_0709_,22.55µm
net565,22.55µm
_0379_,22.5µm
_1304_,22.5µm
_1322_,22.5µm
_0631_,22.45µm
_0680_,22.45µm
_0779_,22.45µm
_0874_,22.45µm
_1538_,22.45µm
_1553_,22.45µm
net307,22.45µm
_0325_,22.4µm
_0407_,22.4µm
_0901_,22.4µm
_0920_,22.4µm
_0995_,22.4µm
_1015_,22.4µm
_1054_,22.4µm
net289,22.4µm
cal_timeout,22.385µm
latch_phase270,22.26µm
ref_wave,22.26µm
cfg_f_MEMS_fcw[0],22.115µm
cfg_f_MEMS_fcw[15],22.115µm
raw_edge2[15],22.115µm
_0902_,22.04µm
_1371_,22.04µm
_1044_,21.99µm
_0701_,21.94µm
_1404_,21.94µm
_1566_,21.94µm
_1715_,21.94µm
_1743_,21.94µm
_0473_,21.89µm
_0538_,21.89µm
_0582_,21.89µm
_0786_,21.89µm
_0882_,21.89µm
_0924_,21.89µm
_1509_,21.89µm
_0318_,21.84µm
cfg_f_MEMS_fcw[2],21.555µm
_0314_,21.43µm
_1525_,21.43µm
_0213_,21.38µm
_0954_,21.38µm
_1293_,21.38µm
_1587_,21.38µm
_1790_,21.38µm
_0787_,21.33µm
_0804_,21.33µm
_1038_,21.33µm
_1045_,21.33µm
_1428_,21.33µm
_1746_,21.33µm
_0219_,21.28µm
_0764_,21.28µm
_1578_,21.28µm
_1621_,21.28µm
_1734_,21.28µm
net126,21.28µm
_1791_,20.87µm
_0146_,20.82µm
_1296_,20.82µm
_1593_,20.82µm
_1627_,20.82µm
_1747_,20.82µm
cal_burst_count\[0\],20.82µm
net286,20.82µm
_0171_,20.77µm
_0246_,20.77µm
_0295_,20.77µm
_0686_,20.77µm
_0879_,20.77µm
_1470_,20.77µm
_1503_,20.77µm
_1760_,20.77µm
net108,20.77µm
net206,20.77µm
_0487_,20.72µm
_0891_,20.72µm
_1728_,20.72µm
_1755_,20.72µm
cal_done,20.435µm
_0151_,20.31µm
_0512_,20.31µm
_0203_,20.26µm
_0413_,20.26µm
_0730_,20.26µm
_1002_,20.26µm
_1059_,20.26µm
_1368_,20.26µm
_0218_,20.21µm
_0284_,20.21µm
_0821_,20.21µm
_0883_,20.21µm
_1099_,20.21µm
_1310_,20.21µm
_1374_,20.21µm
_1427_,20.21µm
_1564_,20.21µm
_1641_,20.21µm
_1721_,20.21µm
ds_acc\[1\],20.21µm
net372,20.21µm
_0221_,20.16µm
_0319_,20.16µm
_0418_,20.16µm
_0614_,20.16µm
_1562_,20.16µm
_1673_,20.16µm
net456,20.16µm
_0428_,19.7µm
_1272_,19.7µm
_1292_,19.7µm
_1305_,19.7µm
_1420_,19.7µm
_1617_,19.7µm
ds_acc\[6\],19.7µm
_0128_,19.65µm
_0195_,19.65µm
_0303_,19.65µm
_0338_,19.65µm
_0480_,19.65µm
_0510_,19.65µm
_0632_,19.65µm
_0783_,19.65µm
_0878_,19.65µm
_1425_,19.65µm
_1460_,19.65µm
_1534_,19.65µm
net341,19.65µm
_0672_,19.6µm
_0796_,19.6µm
_0922_,19.6µm
_0984_,19.6µm
_1384_,19.6µm
_1453_,19.6µm
_1741_,19.6µm
mems_drv,19.46µm
_1573_,19.32µm
_0368_,19.24µm
_0419_,19.19µm
_0700_,19.19µm
_0287_,19.14µm
_0347_,19.14µm
_0490_,19.14µm
_0675_,19.14µm
_0993_,19.14µm
_1004_,19.14µm
_1018_,19.14µm
_0162_,19.09µm
_0164_,19.09µm
_0181_,19.09µm
_0422_,19.09µm
_0797_,19.09µm
_0832_,19.09µm
_0851_,19.09µm
_1380_,19.09µm
_1452_,19.09µm
_1590_,19.09µm
ds_acc\[5\],19.09µm
_0051_,19.04µm
_0209_,19.04µm
_0618_,19.04µm
_0791_,19.04µm
_1005_,19.04µm
_1204_,19.04µm
_1547_,19.04µm
net102,19.04µm
latch_phase270_ack,18.95µm
latch_phase90_ack,18.9µm
cal_start,18.755µm
cfg_done,18.755µm
_0435_,18.63µm
_0140_,18.58µm
_0394_,18.58µm
_0464_,18.58µm
_0857_,18.58µm
_1050_,18.58µm
_0030_,18.53µm
_0136_,18.53µm
_0267_,18.53µm
_1234_,18.53µm
_1413_,18.53µm
_1505_,18.53µm
_1655_,18.53µm
net574,18.53µm
_0186_,18.48µm
_0383_,18.48µm
_0989_,18.48µm
ds_acc\[2\],18.48µm
_1423_,18.07µm
_0389_,18.02µm
_0913_,18.02µm
_0998_,18.02µm
_1106_,18.02µm
_1672_,18.02µm
_0222_,17.97µm
_0312_,17.97µm
_0602_,17.97µm
_0705_,17.97µm
_0751_,17.97µm
_0820_,17.97µm
_0835_,17.97µm
_1031_,17.97µm
net294,17.97µm
net551,17.97µm
_0031_,17.92µm
_0110_,17.92µm
_0475_,17.92µm
_1076_,17.92µm
_1141_,17.92µm
_1162_,17.92µm
_1467_,17.92µm
_1705_,17.92µm
latch_phase90,17.78µm
_0738_,17.51µm
_0875_,17.46µm
_1070_,17.46µm
_1366_,17.46µm
_1412_,17.46µm
_1504_,17.46µm
_1530_,17.46µm
net530,17.46µm
_0798_,17.41µm
_0892_,17.41µm
_1615_,17.41µm
_1631_,17.41µm
_1697_,17.41µm
_0264_,17.36µm
_0271_,17.36µm
_0604_,17.36µm
_0605_,17.36µm
_0623_,17.36µm
_0925_,17.36µm
_0982_,17.36µm
_1364_,17.36µm
_1557_,17.36µm
_1558_,17.36µm
_1681_,17.36µm
_1761_,17.36µm
net522,17.36µm
rst_n,17.22µm
soft_rst_n,17.22µm
_0450_,16.95µm
_1108_,16.95µm
_1568_,16.95µm
_1616_,16.9µm
_1684_,16.9µm
_0192_,16.85µm
_0308_,16.85µm
_0345_,16.85µm
_0519_,16.85µm
_0853_,16.85µm
_0856_,16.85µm
_1112_,16.85µm
net600,16.85µm
_0023_,16.8µm
_0245_,16.8µm
_0366_,16.8µm
_0550_,16.8µm
_0941_,16.8µm
_0962_,16.8µm
_0964_,16.8µm
_1300_,16.8µm
_1311_,16.8µm
_1441_,16.8µm
net290,16.8µm
_1328_,16.62µm
_0890_,16.57µm
cfg_f_MEMS_fcw[4],16.515µm
_0327_,16.39µm
_1135_,16.39µm
_0178_,16.34µm
_0263_,16.34µm
_0583_,16.34µm
_0807_,16.34µm
_0927_,16.34µm
_1024_,16.34µm
_0244_,16.29µm
_0348_,16.29µm
_0469_,16.29µm
_0617_,16.29µm
_0677_,16.29µm
_0684_,16.29µm
_0717_,16.29µm
_0725_,16.29µm
_0894_,16.29µm
_1089_,16.29µm
_1461_,16.29µm
_1719_,16.29µm
net288,16.29µm
_0359_,16.24µm
_0439_,16.24µm
_0671_,16.24µm
_0685_,16.24µm
_1153_,16.24µm
_1166_,16.24µm
_1186_,16.24µm
_1193_,16.24µm
_1385_,16.24µm
_1518_,16.24µm
_1586_,16.24µm
_1619_,16.24µm
_1704_,16.24µm
_0177_,15.83µm
_0794_,15.83µm
_0921_,15.83µm
_1367_,15.83µm
_0201_,15.78µm
_0397_,15.78µm
_0482_,15.78µm
_1303_,15.78µm
_1640_,15.78µm
_1683_,15.78µm
_0026_,15.73µm
_0157_,15.73µm
_0416_,15.73µm
_0822_,15.73µm
_0843_,15.73µm
_1544_,15.73µm
_1618_,15.73µm
_1786_,15.73µm
net105,15.73µm
net395,15.73µm
net538,15.73µm
_0477_,15.68µm
_0635_,15.68µm
_0681_,15.68µm
_0849_,15.68µm
_0897_,15.68µm
_0943_,15.68µm
_1124_,15.68µm
_1171_,15.68µm
_1192_,15.68µm
_1216_,15.68µm
_1297_,15.68µm
_1730_,15.68µm
_1773_,15.68µm
_1782_,15.68µm
net298,15.68µm
net583,15.68µm
_1148_,15.45µm
raw_edge2[14],15.395µm
_1595_,15.27µm
_0615_,15.22µm
_0961_,15.22µm
_0968_,15.22µm
_0986_,15.22µm
_1576_,15.22µm
_1645_,15.22µm
_1764_,15.22µm
_0690_,15.17µm
_0899_,15.17µm
_0919_,15.17µm
_0983_,15.17µm
_1053_,15.17µm
_1094_,15.17µm
_1232_,15.17µm
_1481_,15.17µm
_1638_,15.17µm
net285,15.17µm
net463,15.17µm
_0135_,15.12µm
_0255_,15.12µm
_0437_,15.12µm
_0572_,15.12µm
_0863_,15.12µm
_0905_,15.12µm
_0916_,15.12µm
_1231_,15.12µm
_1571_,15.12µm
_1604_,15.12µm
_1688_,15.12µm
_1706_,15.12µm
_1765_,15.12µm
_1478_,14.71µm
_1455_,14.66µm
_1669_,14.66µm
_0159_,14.61µm
_0291_,14.61µm
_0391_,14.61µm
_0445_,14.61µm
_0495_,14.61µm
_0525_,14.61µm
_0693_,14.61µm
_0817_,14.61µm
_0859_,14.61µm
_0987_,14.61µm
_1019_,14.61µm
_1104_,14.61µm
_1255_,14.61µm
_1742_,14.61µm
comp_sync2,14.61µm
net207,14.61µm
_0215_,14.56µm
_0528_,14.56µm
_0732_,14.56µm
_0780_,14.56µm
_0908_,14.56µm
_0979_,14.56µm
_1405_,14.56µm
_1444_,14.56µm
_1466_,14.56µm
_1581_,14.56µm
_1679_,14.56µm
net582,14.56µm
_1718_,14.2µm
_0607_,14.15µm
net326,14.15µm
_0375_,14.1µm
_0384_,14.1µm
_0460_,14.1µm
_0841_,14.1µm
_1493_,14.1µm
_1768_,14.1µm
_0033_,14.05µm
_0172_,14.05µm
_0224_,14.05µm
_0444_,14.05µm
_0588_,14.05µm
_0598_,14.05µm
_1268_,14.05µm
_1392_,14.05µm
_1438_,14.05µm
_1492_,14.05µm
_1539_,14.05µm
_1649_,14.05µm
_1701_,14.05µm
_1702_,14.05µm
_0022_,14µm
_0133_,14µm
_0517_,14µm
_0524_,14µm
_0645_,14µm
_0775_,14µm
_1085_,14µm
_1770_,14µm
_1794_,14µm
_0299_,13.59µm
_1680_,13.59µm
_0167_,13.54µm
_0202_,13.54µm
_0307_,13.54µm
_0436_,13.54µm
_0813_,13.54µm
_1277_,13.54µm
_1447_,13.54µm
_1487_,13.54µm
_1646_,13.54µm
_1695_,13.54µm
_0004_,13.49µm
_0060_,13.49µm
_0122_,13.49µm
_0142_,13.49µm
_0581_,13.49µm
_0889_,13.49µm
_1041_,13.49µm
_1233_,13.49µm
_1457_,13.49µm
net104,13.49µm
_0332_,13.44µm
_0600_,13.44µm
_1073_,13.44µm
_1136_,13.44µm
_1157_,13.44µm
_1169_,13.44µm
_1301_,13.44µm
_1500_,13.44µm
_1508_,13.44µm
_1711_,13.44µm
_1726_,13.44µm
_1739_,13.44µm
_1107_,13.08µm
_0369_,13.03µm
_0459_,13.03µm
_0294_,12.98µm
_0571_,12.98µm
_0673_,12.98µm
_0881_,12.98µm
_1394_,12.98µm
_0098_,12.93µm
_0117_,12.93µm
_0336_,12.93µm
_0360_,12.93µm
_0456_,12.93µm
_0505_,12.93µm
_0597_,12.93µm
_0825_,12.93µm
_0887_,12.93µm
_0933_,12.93µm
_0944_,12.93µm
_0956_,12.93µm
_1049_,12.93µm
_1087_,12.93µm
_1630_,12.93µm
net465,12.93µm
_0029_,12.88µm
_0050_,12.88µm
_0212_,12.88µm
_0337_,12.88µm
_0481_,12.88µm
_0523_,12.88µm
_0592_,12.88µm
_0754_,12.88µm
_0781_,12.88µm
_1022_,12.88µm
_1088_,12.88µm
_1195_,12.88µm
_1498_,12.88µm
_1545_,12.88µm
_1583_,12.88µm
_1677_,12.88µm
net124,12.88µm
_0131_,12.42µm
_0150_,12.42µm
_1419_,12.42µm
net34,12.42µm
_0134_,12.37µm
_0288_,12.37µm
_0371_,12.37µm
_0452_,12.37µm
_0546_,12.37µm
_0814_,12.37µm
_0911_,12.37µm
_1138_,12.37µm
_1594_,12.37µm
_1657_,12.37µm
net644,12.37µm
_0015_,12.32µm
_0129_,12.32µm
_0144_,12.32µm
_0349_,12.32µm
_0355_,12.32µm
_0367_,12.32µm
_0390_,12.32µm
_0427_,12.32µm
_0612_,12.32µm
_0760_,12.32µm
_0834_,12.32µm
_0999_,12.32µm
_1077_,12.32µm
_1127_,12.32µm
_1415_,12.32µm
_1535_,12.32µm
_1664_,12.32µm
_1735_,12.32µm
_0293_,11.96µm
_1020_,11.86µm
_1516_,11.86µm
_1713_,11.86µm
_1740_,11.86µm
_0042_,11.81µm
_0052_,11.81µm
_0059_,11.81µm
_0342_,11.81µm
_0392_,11.81µm
_0610_,11.81µm
_0784_,11.81µm
_0885_,11.81µm
_1039_,11.81µm
_1111_,11.81µm
_1218_,11.81µm
_1421_,11.81µm
_1543_,11.81µm
_1639_,11.81µm
ds_acc\[0\],11.81µm
net296,11.81µm
_0044_,11.76µm
_0116_,11.76µm
_0139_,11.76µm
_0143_,11.76µm
_0200_,11.76µm
_0250_,11.76µm
_0252_,11.76µm
_0331_,11.76µm
_0352_,11.76µm
_0502_,11.76µm
_0515_,11.76µm
_0792_,11.76µm
_0866_,11.76µm
_0912_,11.76µm
_0940_,11.76µm
_0976_,11.76µm
_1250_,11.76µm
_1434_,11.76µm
_1532_,11.76µm
_1556_,11.76µm
_1674_,11.76µm
ds_acc\[4\],11.76µm
cfg_f_MEMS_fcw[13],11.475µm
cfg_f_MEMS_fcw[5],11.475µm
_1253_,11.4µm
_1125_,11.35µm
_1143_,11.35µm
_1375_,11.35µm
_0254_,11.3µm
_0557_,11.3µm
_0861_,11.3µm
_1113_,11.3µm
_1709_,11.3µm
_0000_,11.25µm
_0187_,11.25µm
_0243_,11.25µm
_0292_,11.25µm
_0644_,11.25µm
_0655_,11.25µm
_0711_,11.25µm
_0952_,11.25µm
_1201_,11.25µm
_1298_,11.25µm
_1422_,11.25µm
_1458_,11.25µm
_1513_,11.25µm
_1526_,11.25µm
_1670_,11.25µm
net303,11.25µm
net601,11.25µm
_0105_,11.2µm
_0298_,11.2µm
_0323_,11.2µm
_0365_,11.2µm
_0500_,11.2µm
_0845_,11.2µm
_0888_,11.2µm
_0909_,11.2µm
_0973_,11.2µm
_1133_,11.2µm
_1273_,11.2µm
_1393_,11.2µm
_1560_,11.2µm
_1563_,11.2µm
_1644_,11.2µm
net164,11.2µm
net432,11.2µm
_1771_,10.92µm
_0163_,10.74µm
_0280_,10.74µm
_0489_,10.74µm
_0568_,10.74µm
_0590_,10.74µm
_1737_,10.74µm
phase_acc\[9\],10.74µm
_0009_,10.69µm
_0036_,10.69µm
_0205_,10.69µm
_0286_,10.69µm
_0497_,10.69µm
_0616_,10.69µm
_1036_,10.69µm
_1071_,10.69µm
_1083_,10.69µm
_1129_,10.69µm
_1222_,10.69µm
_1228_,10.69µm
_1242_,10.69µm
_1388_,10.69µm
_1499_,10.69µm
_1517_,10.69µm
ds_acc\[3\],10.69µm
_0032_,10.64µm
_0046_,10.64µm
_0101_,10.64µm
_0155_,10.64µm
_0170_,10.64µm
_0208_,10.64µm
_0276_,10.64µm
_0408_,10.64µm
_0847_,10.64µm
_0931_,10.64µm
_1000_,10.64µm
_1126_,10.64µm
_1196_,10.64µm
_1223_,10.64µm
_1402_,10.64µm
_1610_,10.64µm
_1626_,10.64µm
net93,10.64µm
_0710_,10.28µm
_0396_,10.23µm
_0440_,10.23µm
_0446_,10.23µm
_1480_,10.18µm
_1519_,10.18µm
_1520_,10.18µm
_0057_,10.13µm
_0087_,10.13µm
_0090_,10.13µm
_0185_,10.13µm
_0535_,10.13µm
_0624_,10.13µm
_0758_,10.13µm
_0907_,10.13µm
_0957_,10.13µm
_0994_,10.13µm
_1092_,10.13µm
_1116_,10.13µm
_1381_,10.13µm
_1665_,10.13µm
_1780_,10.13µm
_1785_,10.13µm
_0233_,10.08µm
_0403_,10.08µm
_0573_,10.08µm
_0593_,10.08µm
_0770_,10.08µm
_0824_,10.08µm
_0852_,10.08µm
_1398_,10.08µm
_1408_,10.08µm
_1511_,10.08µm
_1536_,10.08µm
_1651_,10.08µm
_1693_,10.08µm
_1717_,10.08µm
_1767_,10.08µm
cfg_f_MEMS_fcw[14],9.795µm
_0827_,9.62µm
_1132_,9.62µm
_1390_,9.62µm
_1446_,9.62µm
_0283_,9.57µm
_0302_,9.57µm
_0340_,9.57µm
_0378_,9.57µm
_0421_,9.57µm
_0425_,9.57µm
_0486_,9.57µm
_0603_,9.57µm
_0668_,9.57µm
_0742_,9.57µm
_0865_,9.57µm
_0934_,9.57µm
_0936_,9.57µm
_1029_,9.57µm
_1122_,9.57µm
_1219_,9.57µm
_1418_,9.57µm
_1426_,9.57µm
_1433_,9.57µm
_1464_,9.57µm
_1514_,9.57µm
_0037_,9.52µm
_0089_,9.52µm
_0160_,9.52µm
_0334_,9.52µm
_0385_,9.52µm
_0420_,9.52µm
_0609_,9.52µm
_0620_,9.52µm
_0702_,9.52µm
_0719_,9.52µm
_1037_,9.52µm
_1134_,9.52µm
_1432_,9.52µm
_1554_,9.52µm
net292,9.52µm
cfg_f_MEMS_fcw[8],9.235µm
_0132_,9.11µm
_0297_,9.11µm
_0479_,9.11µm
_0855_,9.11µm
_1629_,9.11µm
_0189_,9.06µm
_0194_,9.06µm
_0761_,9.06µm
_0903_,9.06µm
_0948_,9.06µm
_1152_,9.06µm
_1401_,9.06µm
_1445_,9.06µm
_1759_,9.06µm
_0082_,9.01µm
_0545_,9.01µm
_0716_,9.01µm
_0823_,9.01µm
_0871_,9.01µm
_0942_,9.01µm
_1167_,9.01µm
_1181_,9.01µm
_1184_,9.01µm
_1577_,9.01µm
_1769_,9.01µm
_1784_,9.01µm
net392,9.01µm
_0043_,8.96µm
_0049_,8.96µm
_0070_,8.96µm
_0091_,8.96µm
_0094_,8.96µm
_0321_,8.96µm
_0432_,8.96µm
_0472_,8.96µm
_0666_,8.96µm
_0669_,8.96µm
_0674_,8.96µm
_0695_,8.96µm
_0826_,8.96µm
_0896_,8.96µm
_0971_,8.96µm
_1117_,8.96µm
_1187_,8.96µm
_1200_,8.96µm
_1382_,8.96µm
_1386_,8.96µm
_1429_,8.96µm
_1435_,8.96µm
cfg_f_MEMS_fcw[6],8.725µm
raw_edge2[13],8.725µm
_0315_,8.5µm
_0483_,8.5µm
_0744_,8.5µm
_1439_,8.5µm
_1675_,8.5µm
_0045_,8.45µm
_0175_,8.45µm
_0196_,8.45µm
_0447_,8.45µm
_0629_,8.45µm
_0923_,8.45µm
_1032_,8.45µm
_1168_,8.45µm
_1190_,8.45µm
_1395_,8.45µm
_1403_,8.45µm
_1689_,8.45µm
_1691_,8.45µm
_1716_,8.45µm
ds_acc\[7\],8.45µm
_0039_,8.4µm
_0072_,8.4µm
_0269_,8.4µm
_0300_,8.4µm
_0330_,8.4µm
_0521_,8.4µm
_0625_,8.4µm
_0806_,8.4µm
_0997_,8.4µm
_1014_,8.4µm
_1150_,8.4µm
_1177_,8.4µm
_1179_,8.4µm
_1188_,8.4µm
_1239_,8.4µm
_1247_,8.4µm
_1269_,8.4µm
_1579_,8.4µm
_1660_,8.4µm
_1714_,8.4µm
_1736_,8.4µm
_1793_,8.4µm
comp_sync0,8.4µm
net369,8.4µm
_0256_,7.94µm
_0341_,7.94µm
_0431_,7.94µm
_0606_,7.94µm
_0837_,7.94µm
_1011_,7.94µm
_1021_,7.94µm
_1454_,7.94µm
_1463_,7.94µm
_0073_,7.89µm
_0097_,7.89µm
_0184_,7.89µm
_0387_,7.89µm
_0399_,7.89µm
_0552_,7.89µm
_0577_,7.89µm
_0627_,7.89µm
_0766_,7.89µm
_1060_,7.89µm
_1082_,7.89µm
_1145_,7.89µm
_1172_,7.89µm
_1397_,7.89µm
_1431_,7.89µm
_1781_,7.89µm
_0065_,7.84µm
_0123_,7.84µm
_0398_,7.84µm
_0409_,7.84µm
_0457_,7.84µm
_0647_,7.84µm
_0708_,7.84µm
_0712_,7.84µm
_0749_,7.84µm
_0767_,7.84µm
_0818_,7.84µm
_0862_,7.84µm
_0980_,7.84µm
_1001_,7.84µm
_1009_,7.84µm
_1026_,7.84µm
_1084_,7.84µm
_1227_,7.84µm
_1696_,7.84µm
_1757_,7.84µm
net297,7.84µm
_0706_,7.43µm
_0107_,7.38µm
_0156_,7.38µm
_0542_,7.38µm
_0611_,7.38µm
_0947_,7.38µm
_1090_,7.38µm
_1105_,7.38µm
_0061_,7.33µm
_0085_,7.33µm
_0270_,7.33µm
_0277_,7.33µm
_0613_,7.33µm
_0772_,7.33µm
_0816_,7.33µm
_0996_,7.33µm
_1056_,7.33µm
_1079_,7.33µm
_1667_,7.33µm
_1774_,7.33µm
_0003_,7.28µm
_0014_,7.28µm
_0054_,7.28µm
_0064_,7.28µm
_0083_,7.28µm
_0095_,7.28µm
_0102_,7.28µm
_0112_,7.28µm
_0141_,7.28µm
_0179_,7.28µm
_0188_,7.28µm
_0227_,7.28µm
_0353_,7.28µm
_0372_,7.28µm
_0426_,7.28µm
_0453_,7.28µm
_0467_,7.28µm
_0492_,7.28µm
_0493_,7.28µm
_0530_,7.28µm
_0595_,7.28µm
_0698_,7.28µm
_0715_,7.28µm
_0734_,7.28µm
_0776_,7.28µm
_0803_,7.28µm
_0869_,7.28µm
_0939_,7.28µm
_1012_,7.28µm
_1027_,7.28µm
_1118_,7.28µm
_1119_,7.28µm
_1120_,7.28µm
_1436_,7.28µm
_1496_,7.28µm
_1635_,7.28µm
_1647_,7.28µm
comp_sync1,7.28µm
_0278_,6.82µm
_0838_,6.82µm
_1035_,6.82µm
_1214_,6.82µm
_1592_,6.82µm
_1738_,6.82µm
_0040_,6.77µm
_0077_,6.77µm
_0125_,6.77µm
_0306_,6.77µm
_0339_,6.77µm
_0455_,6.77µm
_0547_,6.77µm
_0844_,6.77µm
_0867_,6.77µm
_0877_,6.77µm
_0985_,6.77µm
_1175_,6.77µm
_1559_,6.77µm
_1591_,6.77µm
_1676_,6.77µm
_1724_,6.77µm
_0027_,6.72µm
_0080_,6.72µm
_0088_,6.72µm
_0121_,6.72µm
_0173_,6.72µm
_0343_,6.72µm
_0441_,6.72µm
_0449_,6.72µm
_0462_,6.72µm
_0504_,6.72µm
_0575_,6.72µm
_0586_,6.72µm
_0619_,6.72µm
_0652_,6.72µm
_0692_,6.72µm
_0789_,6.72µm
_0937_,6.72µm
_1043_,6.72µm
_1052_,6.72µm
_1066_,6.72µm
_1078_,6.72µm
_1140_,6.72µm
_1383_,6.72µm
_1391_,6.72µm
_1637_,6.72µm
_1732_,6.72µm
_1744_,6.72µm
_1749_,6.72µm
_1762_,6.72µm
_1777_,6.72µm
net33,6.72µm
_0815_,6.31µm
_0058_,6.26µm
_0301_,6.26µm
_0417_,6.26µm
_1207_,6.26µm
ds_acc\[8\],6.26µm
_0056_,6.21µm
_0092_,6.21µm
_0111_,6.21µm
_0290_,6.21µm
_0496_,6.21µm
_0501_,6.21µm
_0872_,6.21µm
_1123_,6.21µm
_1176_,6.21µm
_1185_,6.21µm
_1198_,6.21µm
_1294_,6.21µm
_1469_,6.21µm
_1527_,6.21µm
_1707_,6.21µm
net425,6.21µm
_0010_,6.16µm
_0166_,6.16µm
_0651_,6.16µm
_0750_,6.16µm
_0795_,6.16µm
_0876_,6.16µm
_0893_,6.16µm
_1028_,6.16µm
_1033_,6.16µm
_1064_,6.16µm
_1081_,6.16µm
_1158_,6.16µm
_1387_,6.16µm
_1551_,6.16µm
_1575_,6.16µm
_1727_,6.16µm
cal_burst_count\[1\],6.16µm
_0206_,5.7µm
_0210_,5.7µm
_0498_,5.7µm
_0704_,5.7µm
_0895_,5.7µm
_1047_,5.7µm
_1103_,5.7µm
_1110_,5.7µm
_1131_,5.7µm
_1180_,5.7µm
_1552_,5.7µm
_0038_,5.65µm
_0047_,5.65µm
_0099_,5.65µm
_0153_,5.65µm
_0990_,5.65µm
_1067_,5.65µm
_1130_,5.65µm
_1137_,5.65µm
_1163_,5.65µm
_1170_,5.65µm
_1238_,5.65µm
_1373_,5.65µm
_1501_,5.65µm
_1690_,5.65µm
_1725_,5.65µm
_0019_,5.6µm
_0025_,5.6µm
_0067_,5.6µm
_0158_,5.6µm
_0190_,5.6µm
_0564_,5.6µm
_0721_,5.6µm
_0773_,5.6µm
_0886_,5.6µm
_1202_,5.6µm
_1376_,5.6µm
_1548_,5.6µm
_1633_,5.6µm
_1699_,5.6µm
net284,5.6µm
_0917_,5.14µm
_1146_,5.14µm
_1230_,5.14µm
_1235_,5.14µm
_1407_,5.14µm
_1612_,5.14µm
_0021_,5.09µm
_0093_,5.09µm
_0109_,5.09µm
_0148_,5.09µm
_0809_,5.09µm
_0840_,5.09µm
_0914_,5.09µm
_1042_,5.09µm
_1061_,5.09µm
_1121_,5.09µm
_1173_,5.09µm
_1197_,5.09µm
_1582_,5.09µm
_1745_,5.09µm
_1775_,5.09µm
_0002_,5.04µm
_0041_,5.04µm
_0066_,5.04µm
_0079_,5.04µm
_0103_,5.04µm
_0104_,5.04µm
_0260_,5.04µm
_0285_,5.04µm
_0344_,5.04µm
_0361_,5.04µm
_0461_,5.04µm
_0548_,5.04µm
_0801_,5.04µm
_0950_,5.04µm
_0992_,5.04µm
_1189_,5.04µm
_1437_,5.04µm
_1650_,5.04µm
_1722_,5.04µm
_1733_,5.04µm
_1787_,4.68µm
_0018_,4.58µm
_0320_,4.58µm
_0478_,4.58µm
_0534_,4.58µm
_0551_,4.58µm
_0687_,4.58µm
_0880_,4.58µm
_1058_,4.58µm
_1091_,4.58µm
_1209_,4.58µm
_1241_,4.58µm
_1634_,4.58µm
_1754_,4.58µm
_1055_,4.53µm
_1720_,4.53µm
_0028_,4.48µm
_0068_,4.48µm
_0114_,4.48µm
_0124_,4.48µm
_0126_,4.48µm
_0154_,4.48µm
_0289_,4.48µm
_0562_,4.48µm
_0574_,4.48µm
_0591_,4.48µm
_0628_,4.48µm
_0718_,4.48µm
_0799_,4.48µm
_0829_,4.48µm
_0884_,4.48µm
_0918_,4.48µm
_0978_,4.48µm
_1017_,4.48µm
_1072_,4.48µm
_1142_,4.48µm
_1147_,4.48µm
_1183_,4.48µm
_1379_,4.48µm
_1424_,4.48µm
_1465_,4.48µm
_1523_,4.48µm
_1758_,4.48µm
net4,4.48µm
net84,4.48µm
_0354_,4.02µm
_0458_,4.02µm
_0906_,4.02µm
_1101_,4.02µm
_1114_,4.02µm
_0759_,3.97µm
_1512_,3.97µm
_0012_,3.92µm
_0013_,3.92µm
_0016_,3.92µm
_0024_,3.92µm
_0063_,3.92µm
_0078_,3.92µm
_0113_,3.92µm
_0119_,3.92µm
_0120_,3.92µm
_0145_,3.92µm
_0191_,3.92µm
_0249_,3.92µm
_0281_,3.92µm
_0313_,3.92µm
_0362_,3.92µm
_0423_,3.92µm
_0448_,3.92µm
_0503_,3.92µm
_0543_,3.92µm
_0569_,3.92µm
_0579_,3.92µm
_0682_,3.92µm
_0723_,3.92µm
_0743_,3.92µm
_0774_,3.92µm
_0777_,3.92µm
_0778_,3.92µm
_0915_,3.92µm
_0949_,3.92µm
_1097_,3.92µm
_1102_,3.92µm
_1154_,3.92µm
_1156_,3.92µm
_1203_,3.92µm
_1569_,3.92µm
_1642_,3.92µm
_1685_,3.92µm
_1694_,3.92µm
_1752_,3.92µm
capture_step\[0\],3.92µm
_0415_,3.46µm
_0963_,3.46µm
_1178_,3.46µm
_0149_,3.41µm
_0746_,3.41µm
_0001_,3.36µm
_0011_,3.36µm
_0017_,3.36µm
_0034_,3.36µm
_0055_,3.36µm
_0069_,3.36µm
_0071_,3.36µm
_0076_,3.36µm
_0081_,3.36µm
_0108_,3.36µm
_0127_,3.36µm
_0130_,3.36µm
_0165_,3.36µm
_0180_,3.36µm
_0182_,3.36µm
_0193_,3.36µm
_0198_,3.36µm
_0258_,3.36µm
_0296_,3.36µm
_0400_,3.36µm
_0402_,3.36µm
_0485_,3.36µm
_0585_,3.36µm
_0601_,3.36µm
_0633_,3.36µm
_0670_,3.36µm
_0688_,3.36µm
_0689_,3.36µm
_0696_,3.36µm
_0768_,3.36µm
_0800_,3.36µm
_1003_,3.36µm
_1016_,3.36µm
_1063_,3.36µm
_1075_,3.36µm
_1155_,3.36µm
_1182_,3.36µm
_1191_,3.36µm
_1199_,3.36µm
_1217_,3.36µm
_1378_,3.36µm
_1396_,3.36µm
_1443_,3.36µm
_1472_,3.36µm
_1521_,3.36µm
_1522_,3.36µm
_1584_,3.36µm
_1628_,3.36µm
_1656_,3.36µm
_1678_,3.36µm
_1710_,3.36µm
_1729_,3.36µm
_1750_,3.36µm
net295,3.36µm
_0388_,2.9µm
_0556_,2.9µm
_0697_,2.9µm
_0788_,2.9µm
_1006_,2.9µm
_1766_,2.9µm
_0900_,2.85µm
_0910_,2.85µm
_0928_,2.85µm
_0006_,2.8µm
_0020_,2.8µm
_0035_,2.8µm
_0048_,2.8µm
_0053_,2.8µm
_0062_,2.8µm
_0074_,2.8µm
_0075_,2.8µm
_0084_,2.8µm
_0086_,2.8µm
_0096_,2.8µm
_0100_,2.8µm
_0106_,2.8µm
_0115_,2.8µm
_0118_,2.8µm
_0199_,2.8µm
_0322_,2.8µm
_0346_,2.8µm
_0380_,2.8µm
_0406_,2.8µm
_0430_,2.8µm
_0443_,2.8µm
_0451_,2.8µm
_0471_,2.8µm
_0514_,2.8µm
_0526_,2.8µm
_0531_,2.8µm
_0554_,2.8µm
_0561_,2.8µm
_0566_,2.8µm
_0656_,2.8µm
_0658_,2.8µm
_0663_,2.8µm
_0665_,2.8µm
_0731_,2.8µm
_0745_,2.8µm
_0755_,2.8µm
_0782_,2.8µm
_0790_,2.8µm
_0802_,2.8µm
_0830_,2.8µm
_1008_,2.8µm
_1069_,2.8µm
_1100_,2.8µm
_1128_,2.8µm
_1151_,2.8µm
_1174_,2.8µm
_1221_,2.8µm
_1229_,2.8µm
_1244_,2.8µm
_1295_,2.8µm
_1399_,2.8µm
_1451_,2.8µm
_1491_,2.8µm
_1533_,2.8µm
_1574_,2.8µm
_1588_,2.8µm
_1643_,2.8µm
_1763_,2.8µm
_1788_,2.8µm
_1792_,2.8µm
net287,2.8µm
_0351_,2.34µm
_0594_,2.34µm
_1165_,2.34µm
_1449_,2.34µm
_1549_,2.34µm
_0958_,2.29µm
_0537_,2.24µm
_0578_,2.24µm
_0757_,2.24µm
_0805_,2.24µm
_0828_,2.24µm
_0932_,2.24µm
_0946_,2.24µm
_1095_,2.24µm
_1109_,2.24µm
_1274_,2.24µm
_1409_,2.24µm
_1488_,2.24µm
_1515_,2.24µm
_1524_,2.24µm
_1528_,2.24µm
_1540_,2.24µm
_1570_,2.24µm
_1572_,2.24µm
_1686_,2.24µm
net302,2.24µm
_1406_,1.78µm
_1663_,1.78µm
_0207_,1.68µm
_0311_,1.68µm
_0317_,1.68µm
_0326_,1.68µm
_0377_,1.68µm
_0466_,1.68µm
_0468_,1.68µm
_0559_,1.68µm
_0694_,1.68µm
_1010_,1.68µm
_1096_,1.68µm
_1226_,1.68µm
_1275_,1.68µm
_1537_,1.68µm
_1567_,1.68µm
_0176_,1.12µm
_0261_,1.12µm
_0381_,1.12µm
_0412_,1.12µm
_0540_,1.12µm
_0683_,1.12µm
_1115_,1.12µm
_1139_,1.12µm
_1149_,1.12µm
_1211_,1.12µm
_1212_,1.12µm
_1213_,1.12µm
_1215_,1.12µm
_1224_,1.12µm
_1236_,1.12µm
_1240_,1.12µm
_1220_,0.56µm
